cod_item,cod_item_pai,tipo_item,nome,situacao,dat_inclusao,usu_inclusao,dat_alteracao,usu_alteracao
1,NULL,D," Externos",A,2021-01-11,marcos,NULL,NULL
2,NULL,D," Internos",A,2021-01-11,marcos,NULL,NULL
3,1,D,"Ações processuais",A,2021-01-11,marcos,NULL,NULL
4,1,D,"Elementos de prova",A,2021-01-11,marcos,NULL,NULL
5,1,D,Manifestações,A,2021-01-11,marcos,NULL,NULL
6,1,D,"Peça Informativa",A,2021-01-11,marcos,NULL,NULL
7,3,D,Aditamento,A,2021-01-11,marcos,NULL,NULL
8,3,D,"Alegações Finais",A,2021-01-11,marcos,NULL,NULL
9,3,D,Alvará,A,2021-01-11,marcos,NULL,NULL
11,3,D,Acordo,A,2021-01-11,marcos,NULL,NULL
12,3,D,"Auto de Prisão em Flagrante Delito",A,2021-01-11,marcos,NULL,NULL
13,3,D,"Balanço Patrimonial",A,2021-01-11,marcos,NULL,NULL
14,3,D,Carta,A,2021-01-11,marcos,NULL,NULL
15,3,D,Ciência,A,2021-01-11,marcos,NULL,NULL
16,3,D,Contestação,A,2021-01-11,marcos,NULL,NULL
17,3,D,Contraminuta,A,2021-01-11,marcos,NULL,NULL
18,3,D,Contrarrazões,A,2021-01-11,marcos,NULL,NULL
19,3,D,"Defesa Prévia",A,2021-01-11,marcos,NULL,NULL
20,3,D,Denúncia,A,2021-01-11,marcos,NULL,NULL
21,3,D,"Dissidência Partidária",A,2021-01-11,marcos,NULL,NULL
22,3,D,"Documentos Diversos",A,2021-01-11,marcos,NULL,NULL
23,3,D,"Emenda à Inicial",A,2021-01-11,marcos,NULL,NULL
24,3,D,Exceção,A,2021-01-11,marcos,NULL,NULL
25,3,D,"Execução/Cumprimento de Sentença",A,2021-01-11,marcos,NULL,NULL
26,3,D,Impugnação,A,2021-01-11,marcos,NULL,NULL
27,4,D,Alvará,A,2021-01-11,marcos,NULL,NULL
28,3,D,Incidente,A,2021-01-11,marcos,NULL,NULL
29,3,D,"Informações Prestadas",A,2021-01-11,marcos,NULL,NULL
30,3,D,"Inquérito Policial",A,2021-01-11,marcos,NULL,NULL
31,3,D,Manifestação,A,2021-01-11,marcos,NULL,NULL
32,3,D,Memoriais,A,2021-01-11,marcos,NULL,NULL
33,3,D,"Notícia de Inelegibilidade",A,2021-01-11,marcos,NULL,NULL
34,3,D,"Outras Peças",A,2021-01-11,marcos,NULL,NULL
35,3,D,"Parecer da Procuradoria",A,2021-01-11,marcos,NULL,NULL
36,3,D,Pedido,A,2021-01-11,marcos,NULL,NULL
37,3,D,Petição,A,2021-01-11,marcos,NULL,NULL
39,3,D,"Promoção MP/Pedido de Arquivamento",A,2021-01-11,marcos,NULL,NULL
40,3,D,"Proposta de Acordo",A,2021-01-11,marcos,NULL,NULL
41,3,D,"Proposta de Governo",A,2021-01-11,marcos,NULL,NULL
42,3,D,"Quadro Resumo do Pedido",A,2021-01-11,marcos,NULL,NULL
43,3,D,Queixa,A,2021-01-11,marcos,NULL,NULL
44,3,D,"Questionamento da Distribuição",A,2021-01-11,marcos,NULL,NULL
45,3,D,Razões,A,2021-01-11,marcos,NULL,NULL
46,3,D,Reconvenção,A,2021-01-11,marcos,NULL,NULL
47,3,D,Resposta,A,2021-01-11,marcos,NULL,NULL
48,3,D,Recurso,A,2021-01-11,marcos,NULL,NULL
49,3,D,Réplica,A,2021-01-11,marcos,NULL,NULL
50,3,D,Renúncia,A,2021-01-11,marcos,NULL,NULL
51,3,D,"Solicitação de Honorários de Perito",A,2021-01-11,marcos,NULL,NULL
52,3,D,Tréplica,A,2021-01-11,marcos,NULL,NULL
53,3,D,"Tutela Provisória Incidental",A,2021-01-11,marcos,NULL,NULL
54,7,D,"Aditamento à Denúncia",A,2021-01-11,marcos,NULL,NULL
55,4,D,"Assentamento Individual/Extrato de Registros Funcionais",A,2021-01-11,marcos,NULL,NULL
56,4,D,Auto,A,2021-01-11,marcos,NULL,NULL
57,4,D,Atestado,A,2021-01-11,marcos,NULL,NULL
58,4,D,"Ato Impugnado",A,2021-01-11,marcos,NULL,NULL
59,4,D,"Atos Constitutivos da Pessoa Jurídica",A,2021-01-11,marcos,NULL,NULL
60,4,D,"Aviso de Recebimento - AR",A,2021-01-11,marcos,NULL,NULL
61,4,D,Sisbajud,A,2021-01-11,marcos,"2021-03-10 14:51:20",pedro.amorim
62,4,D,Cálculo,A,2021-01-11,marcos,NULL,NULL
63,4,D,Carta,A,2021-01-11,marcos,NULL,NULL
64,4,D,"Carteira de Habilitação",A,2021-01-11,marcos,NULL,NULL
65,4,D,"Cédula de Identidade",A,2021-01-11,marcos,NULL,NULL
66,4,D,Certidão,A,2021-01-11,marcos,NULL,NULL
67,4,D,Cessão,A,2021-01-11,marcos,NULL,NULL
68,4,D,"Certificado de Compensação",A,2021-01-11,marcos,NULL,NULL
69,4,D,CPF/CNPJ,A,2021-01-11,marcos,NULL,NULL
70,4,D,Comprovante,A,2021-01-11,marcos,NULL,NULL
72,4,D,Conta,A,2021-01-11,marcos,NULL,NULL
73,4,D,Contrato,A,2021-01-11,marcos,NULL,NULL
74,4,D,"Controle de Ponto/Horário de Trabalho",A,2021-01-11,marcos,NULL,NULL
75,4,D,"Convenção/Acordo Coletiva de Trabalho",A,2021-01-11,marcos,NULL,NULL
76,4,D,"Cópias Extraídas de Outros Processos",A,2021-01-11,marcos,"2021-03-23 15:56:38",pedro.amorim
77,4,D,Cota,A,2021-01-11,marcos,NULL,NULL
78,4,D,"Custas Judiciais",A,2021-01-11,marcos,NULL,NULL
79,4,D,"Declaração de Hipossuficiência",A,2021-01-11,marcos,NULL,NULL
80,4,D,Demonstrativo,A,2021-01-11,marcos,NULL,NULL
82,4,D,"Depósito Judicial",A,2021-01-11,marcos,NULL,NULL
83,4,D,"Documento de Perito",A,2021-01-11,marcos,NULL,NULL
84,4,D,"Documentos Sigilosos",A,2021-01-11,marcos,NULL,NULL
85,4,D,E-mail,A,2021-01-11,marcos,NULL,NULL
86,4,D,Escritura,A,2021-01-11,marcos,NULL,NULL
87,4,D,"Estudo Psicossocial",A,2021-01-11,marcos,NULL,NULL
88,4,D,"Estudo Social",A,2021-01-11,marcos,NULL,NULL
89,4,D,"Exame Médico",A,2021-01-11,marcos,NULL,NULL
90,4,D,Extrato,A,2021-01-11,marcos,NULL,NULL
91,4,D,Ficha,A,2021-01-11,marcos,NULL,NULL
92,4,D,Fotografia,A,2021-01-11,marcos,NULL,NULL
93,4,D,Frequência,A,2021-01-11,marcos,NULL,NULL
94,4,D,Guia,A,2021-01-11,marcos,NULL,NULL
95,4,D,"Imposto de Renda",A,2021-01-11,marcos,NULL,NULL
96,4,D,INFOJUD,A,2021-01-11,marcos,NULL,NULL
97,4,D,"Informação Prisional",A,2021-01-11,marcos,NULL,NULL
98,4,D,"Informações da Autoridade Impetrada",A,2021-01-11,marcos,NULL,NULL
99,4,D,"Instrumento de Procuração",A,2021-01-11,marcos,NULL,NULL
100,4,D,Laudo,A,2021-01-11,marcos,NULL,NULL
101,4,D,Manifestação,A,2021-01-11,marcos,NULL,NULL
102,4,D,"Nota Técnica",A,2021-01-11,marcos,NULL,NULL
103,4,D,Notificação,A,2021-01-11,marcos,NULL,NULL
104,4,D,Ofício,A,2021-01-11,marcos,NULL,NULL
105,4,D,Orçamento,A,2021-01-11,marcos,NULL,NULL
106,4,D,"Outros Documentos",A,2021-01-11,marcos,NULL,NULL
107,4,D,Parecer,A,2021-01-11,marcos,NULL,NULL
108,4,D,Perícia,A,2021-01-11,marcos,NULL,NULL
109,4,D,Passaporte,A,2021-01-11,marcos,NULL,NULL
110,4,D,"Planilha de Cálculo",A,2021-01-11,marcos,NULL,NULL
111,4,D,Planta/Mapa,A,2021-01-11,marcos,NULL,NULL
112,4,D,"Porte de Remessa e Retorno",A,2021-01-11,marcos,NULL,NULL
113,4,D,Programa,A,2021-01-11,marcos,NULL,NULL
114,4,D,"Prova Emprestada",A,2021-01-11,marcos,NULL,NULL
115,4,D,Recibo,A,2021-01-11,marcos,NULL,NULL
117,4,D,"Registro Funcional",A,2021-01-11,marcos,NULL,NULL
118,4,D,Relatório,A,2021-01-11,marcos,NULL,NULL
120,4,D,"Resposta de Ofício",A,2021-01-11,marcos,NULL,NULL
121,4,D,RENAJUD,A,2021-01-11,marcos,NULL,NULL
122,4,D,SERASAJUD,A,2021-01-11,marcos,NULL,NULL
123,4,D,SIEL,A,2021-01-11,marcos,NULL,NULL
124,4,D,Título,A,2021-01-11,marcos,NULL,NULL
125,5,D,Ciência,A,2021-01-11,marcos,NULL,NULL
126,5,D,Cota,A,2021-01-11,marcos,NULL,NULL
128,5,D,"Manifestação (Outras)",A,2021-01-11,marcos,NULL,NULL
129,5,D,"Requerimento de Liberdade",A,2021-01-11,marcos,NULL,NULL
130,5,D,"Requerimento de Prisão",A,2021-01-11,marcos,NULL,NULL
131,5,D,"Requisição de Mandado de Pagamento",A,2021-01-11,marcos,NULL,NULL
132,6,D,"Aditamento de Registro de Ocorrência",A,2021-01-11,marcos,NULL,NULL
133,6,D,"Auto de Apreensão e Entrega",A,2021-01-11,marcos,NULL,NULL
134,6,D,"Peça de Informação",A,2021-01-11,marcos,NULL,NULL
135,6,D,"Prisão em Flagrante",A,2021-01-11,marcos,NULL,NULL
136,6,D,"Registro de Ocorrência",A,2021-01-11,marcos,NULL,NULL
138,7,D,"Aditamento à Inicial",A,2021-01-11,marcos,NULL,NULL
139,7,D,"Aditamento (Outros)",A,2021-01-11,marcos,NULL,NULL
140,3,D,"Assistência Litisconsorcial",A,2021-01-11,marcos,NULL,NULL
142,11,D,"Acordo de Não-Persecução Penal",A,2021-01-11,marcos,NULL,NULL
143,11,D,"Acordo (Outros)",A,2021-01-11,marcos,NULL,NULL
144,14,D,"Carta Arbitral",A,2021-01-11,marcos,NULL,NULL
145,14,D,"Carta de Concessão",A,2021-01-11,marcos,NULL,NULL
146,14,D,"Carta de Indeferimento",A,2021-01-11,marcos,NULL,NULL
147,14,D,"Carta de Ordem",A,2021-01-11,marcos,NULL,NULL
148,14,D,"Carta Precatória",A,2021-01-11,marcos,NULL,NULL
149,20,D,"Abuso de Autoridade",A,2021-01-11,marcos,NULL,NULL
150,20,D,"Abuso de Poder Econômico",A,2021-01-11,marcos,NULL,NULL
151,20,D,"Crime Eleitoral",A,2021-01-11,marcos,NULL,NULL
152,20,D,"Conduta Vedada Agente Público",A,2021-01-11,marcos,NULL,NULL
153,20,D,"Denúncia (Outras)",A,2021-01-11,marcos,NULL,NULL
154,20,D,"Noticia Inelegibilidade/Condição de Elegibilidade",A,2021-01-11,marcos,NULL,NULL
155,24,D,"Exceção de Coisa Julgada",A,2021-01-11,marcos,NULL,NULL
156,24,D,"Exceção de Impedimento",A,2021-01-11,marcos,NULL,NULL
157,24,D,"Exceção de Incompetência",A,2021-01-11,marcos,NULL,NULL
158,24,D,"Exceção de Litispendência",A,2021-01-11,marcos,NULL,NULL
159,24,D,"Exceção de Pré-Executividade",A,2021-01-11,marcos,NULL,NULL
160,24,D,"Exceção de Suspeição",A,2021-01-11,marcos,NULL,NULL
161,25,D,"Execução Definitiva/Cumprimento Definitivo de Sentença",A,2021-01-11,marcos,NULL,NULL
162,25,D,"Execução Provisória/Cumprimento Provisório de Sentença",A,2021-01-11,marcos,NULL,NULL
163,26,D,"Impugnação à Execução",A,2021-01-11,marcos,NULL,NULL
164,26,D,"Impugnação ao Cumprimento de Sentença",A,2021-01-11,marcos,NULL,NULL
165,26,D,"Impugnação aos Cálculos",A,2021-01-11,marcos,NULL,NULL
166,26,D,"Impugnação aos Embargos",A,2021-01-11,marcos,NULL,NULL
167,28,D,IAC,A,2021-01-11,marcos,NULL,NULL
168,28,D,"Incidente de Dependência Toxicológica",A,2021-01-11,marcos,NULL,NULL
169,28,D,"Incidente de Insanidade",A,2021-01-11,marcos,NULL,NULL
170,28,D,"Incidente de Perícia de Voz",A,2021-01-11,marcos,NULL,NULL
171,28,D,"Incidente de Uniformização de Jurisprudência",A,2021-01-11,marcos,NULL,NULL
172,28,D,"Incidente (Outros)",A,2021-01-11,marcos,NULL,NULL
173,28,D,IRDR,A,2021-01-11,marcos,NULL,NULL
174,29,D,"Informações da Autoridade Impetrada",A,2021-01-11,marcos,NULL,NULL
175,31,D,"Manifestação de Desinteresse na Autocomposição (art. 334 CPC)",A,2021-01-11,marcos,NULL,NULL
176,31,D,"Manifestação - Dilação de Prazo Deferida",A,2021-01-11,marcos,NULL,NULL
177,31,D,"Manifestação - Dilação de Prazo Indeferida",A,2021-01-11,marcos,NULL,NULL
178,31,D,"Manifestação da AGU",A,2021-01-11,marcos,NULL,NULL
179,31,D,"Manifestação do Ministério Público",A,2021-01-11,marcos,NULL,NULL
180,31,D,"Manifestação (Outras)",A,2021-01-11,marcos,NULL,NULL
181,36,D,"Pedido Contraposto",A,2021-01-11,marcos,NULL,NULL
182,36,D,"Pedido de Arquivamento",A,2021-01-11,marcos,NULL,NULL
183,36,D,"Pedido de Assistência jurídica",A,2021-01-11,marcos,NULL,NULL
184,36,D,"Pedido de Desarquivamento",A,2021-01-11,marcos,NULL,NULL
185,36,D,"Pedido de Desistência",A,2021-01-11,marcos,NULL,NULL
187,36,D,"Pedido de Extinção do Processo",A,2021-01-11,marcos,NULL,NULL
188,36,D,"Pedido de Gratuidade de Justiça",A,2021-01-11,marcos,NULL,NULL
189,36,D,"Pedido de Habilitação",A,2021-01-11,marcos,NULL,NULL
190,36,D,"Pedido de Homologação de acordo",A,2021-01-11,marcos,NULL,NULL
191,36,D,"Pedido de liberdade provisória",A,2021-01-11,marcos,NULL,NULL
192,36,D,"Pedido de liminar/antecipação de tutela",A,2021-01-11,marcos,NULL,NULL
193,36,D,"Pedido de prioridade de tramitação",A,2021-01-11,marcos,NULL,NULL
194,36,D,"Pedido de reconsideração de decisão",A,2021-01-11,marcos,NULL,NULL
195,36,D,"Pedido de retirada de pauta",A,2021-01-11,marcos,NULL,NULL
196,36,D,"Pedido de suspensão condicional do processo",A,2021-01-11,marcos,NULL,NULL
197,36,D,"Pedido de suspensão do processo",A,2021-01-11,marcos,NULL,NULL
198,36,D,"Pedido de transação penal",A,2021-01-11,marcos,NULL,NULL
199,36,D,"Pedido de Uniformização de Interpretação de Lei Federal",A,2021-01-11,marcos,NULL,NULL
201,37,D,"Petição de Habilitação",A,2021-01-11,marcos,NULL,NULL
202,37,D,"Petição Inicial",A,2021-01-11,marcos,NULL,NULL
207,37,D,"Petição Intercorrente",A,2021-01-11,marcos,NULL,NULL
208,37,D,"Petição Intermediária",A,2021-01-11,marcos,NULL,NULL
209,37,D,"Petição (Outras)",A,2021-01-11,marcos,NULL,NULL
210,37,D,"Petição Requerendo",A,2021-01-11,marcos,NULL,NULL
211,37,D,"Petição Simples de Terceiro Interessado",A,2021-01-11,marcos,NULL,NULL
212,47,D,"Resposta à Acusação",A,2021-01-11,marcos,NULL,NULL
213,47,D,"Resposta a Recurso",A,2021-01-11,marcos,NULL,NULL
214,48,D,"Recurso Administrativo",A,2021-01-11,marcos,NULL,NULL
215,48,D,Adesivo,A,2021-01-11,marcos,NULL,NULL
216,48,D,Agravo,A,2021-01-11,marcos,NULL,NULL
225,48,D,Apelação,A,2021-01-11,marcos,NULL,NULL
226,48,D,"Correição Parcial",A,2021-01-11,marcos,"2021-03-10 14:43:22",pedro.amorim
227,48,D,Embargos,A,2021-01-11,marcos,NULL,NULL
232,48,D,"Recurso Criminal Eleitoral",A,2021-01-11,marcos,NULL,NULL
233,48,D,"Recurso de Revista",A,2021-01-11,marcos,NULL,NULL
234,48,D,"Recurso Eleitoral",A,2021-01-11,marcos,NULL,NULL
235,48,D,"Recurso em Direito de Resposta",A,2021-01-11,marcos,NULL,NULL
236,48,D,"Recurso em Reclamação",A,2021-01-11,marcos,NULL,NULL
237,48,D,"Recurso em Representação",A,2021-01-11,marcos,NULL,NULL
238,48,D,"Recurso em Sentido Estrito",A,2021-01-11,marcos,NULL,NULL
239,48,D,"Recurso Especial",A,2021-01-11,marcos,NULL,NULL
240,48,D,"Recurso Especial Eleitoral",A,2021-01-11,marcos,NULL,NULL
241,48,D,"Recurso Extraordinário",A,2021-01-11,marcos,NULL,NULL
242,48,D,"Recurso Inominado",A,2021-01-11,marcos,NULL,NULL
243,48,D,"Recurso Ordinário",A,2021-01-11,marcos,NULL,NULL
244,50,D,"Renúncia de Mandato",A,2021-01-11,marcos,NULL,NULL
245,50,D,"Renúncia de Prazo",A,2021-01-11,marcos,NULL,NULL
247,47,D,"Resposta Preliminar",A,2021-01-11,marcos,NULL,NULL
248,27,D,"Alvará de Construção",A,2021-01-11,marcos,NULL,NULL
249,27,D,"Alvará de Funcionamento",A,2021-01-11,marcos,NULL,NULL
251,56,D,"Auto de Colheita de Material Gráfico",A,2021-01-11,marcos,NULL,NULL
252,56,D,"Auto de Depósito",A,2021-01-11,marcos,NULL,NULL
253,56,D,"Auto de Exibição/Apreensão/Entrega",A,2021-01-11,marcos,NULL,NULL
254,56,D,"Auto de Reconhecimento",A,2021-01-11,marcos,"2021-03-23 15:44:47",pedro.amorim
255,57,D,"Atestado de Comparecimento",A,2021-01-11,marcos,NULL,NULL
256,57,D,"Atestado de Óbito",A,2021-01-11,marcos,NULL,NULL
257,57,D,"Atestado de Saúde",A,2021-01-11,marcos,NULL,NULL
258,62,D,"Cálculo do Executado",A,2021-01-11,marcos,NULL,NULL
259,62,D,"Cálculo de Pena",A,2021-01-11,marcos,NULL,NULL
260,62,D,"Cálculo de Alimentos",A,2021-01-11,marcos,NULL,NULL
261,62,D,"Cálculo de Acidente de Trabalho",A,2021-01-11,marcos,NULL,NULL
262,63,D,"Carta de Preposto",A,2021-01-11,marcos,NULL,NULL
263,63,D,"Carta (Outras)",A,2021-01-11,marcos,NULL,NULL
264,66,D,"Certidão de Comportamento",A,2021-01-11,marcos,NULL,NULL
265,66,D,"Certidão de Dívida Ativa",A,2021-01-11,marcos,NULL,NULL
266,66,D,"Certidão de Objeto e Pé",A,2021-01-11,marcos,NULL,NULL
267,66,D,"Certidão de Óbito",A,2021-01-11,marcos,NULL,NULL
268,66,D,"Certidão de Oficial de Justiça",A,2021-01-11,marcos,NULL,NULL
269,66,D,"Certidão de Protesto",A,2021-01-11,marcos,NULL,NULL
270,66,D,"Certidão de Registro Imobiliário",A,2021-01-11,marcos,NULL,NULL
271,66,D,"Certidão de Venda",A,2021-01-11,marcos,NULL,NULL
272,66,D,"Certidão Pública da Justiça",A,2021-01-11,marcos,NULL,NULL
273,67,D,"Cessão de Direito de Bem Móvel",A,2021-01-11,marcos,NULL,NULL
274,67,D,"Cessão de Direito de Bem Imóvel",A,2021-01-11,marcos,NULL,NULL
275,67,D,"Cessão (Outros)",A,2021-01-11,marcos,NULL,NULL
276,70,D,"Comprovante de AR",A,2021-01-11,marcos,NULL,NULL
277,70,D,"Comprovante de Endereço",A,2021-01-11,marcos,NULL,NULL
278,70,D,"Comprovante de Imposto de Renda",A,2021-01-11,marcos,NULL,NULL
279,70,D,"Comprovante de Suspensão de Prazo",A,2021-01-11,marcos,NULL,NULL
280,70,D,"Comprovante de Rendimento",A,2021-01-11,marcos,NULL,NULL
282,70,D,"Comprovante de Trabalho",A,2021-01-11,marcos,NULL,NULL
283,70,D,"Comprovante de cadastro de advogado",A,2021-01-11,marcos,NULL,NULL
284,70,D,"Comprovante de cadastro de jus postulandi",A,2021-01-11,marcos,NULL,NULL
285,70,D,"Comprovante de desincompatibilização",A,2021-01-11,marcos,NULL,NULL
286,70,D,"Comprovante de escolaridade",A,2021-01-11,marcos,NULL,NULL
287,72,D,"Conta de Água",A,2021-01-11,marcos,NULL,NULL
288,72,D,"Conta de Energia",A,2021-01-11,marcos,NULL,NULL
289,72,D,"Conta de Telefone",A,2021-01-11,marcos,NULL,NULL
290,73,D,"Contrato de Trabalho",A,2021-01-11,marcos,NULL,NULL
292,73,D,"Contrato (Outros)",A,2021-01-11,marcos,NULL,NULL
293,73,D,"Contrato Social",A,2021-01-11,marcos,NULL,NULL
294,80,D,"Demonstrativo de Cálculo",A,2021-01-11,marcos,NULL,NULL
295,80,D,"Demonstrativo do Repasse do Valor da Parcela",A,2021-01-11,marcos,NULL,NULL
296,83,D,"Declaração de não comparecimento à perícia médica",A,2021-01-11,marcos,NULL,NULL
297,83,D,"Esclarecimento de Perito",A,2021-01-11,marcos,NULL,NULL
298,90,D,"Extrato Bancário",A,2021-01-11,marcos,NULL,NULL
299,90,D,"Extrato de FGTS",A,2021-01-11,marcos,NULL,NULL
300,91,D,"Ficha Financeira",A,2021-01-11,marcos,NULL,NULL
301,91,D,"Ficha de Registro de Empregado",A,2021-01-11,marcos,NULL,NULL
302,94,D,"Guia de Depósito Judicial",A,2021-01-11,marcos,NULL,NULL
303,94,D,"Guia de Recolhimento",A,2021-01-11,marcos,NULL,NULL
304,99,D,Autor/Recorrente,A,2021-01-11,marcos,NULL,NULL
305,99,D,Réu/Recorrido,A,2021-01-11,marcos,NULL,NULL
306,99,D,"Substabelecimento do Autor/Recorrente",A,2021-01-11,marcos,NULL,NULL
308,99,D,"Substabelecimento do Réu/Recorrido",A,2021-01-11,marcos,NULL,NULL
310,99,D,Terceiro/Interessado,A,2021-01-11,marcos,NULL,NULL
311,100,D,"Laudo de Avaliação",A,2021-01-11,marcos,NULL,NULL
312,100,D,"Laudo de Exame",A,2021-01-11,marcos,NULL,NULL
313,100,D,"Laudo de Perícia",A,2021-01-11,marcos,NULL,NULL
314,100,D,"Laudo dos Assistentes Técnicos",A,2021-01-11,marcos,NULL,NULL
315,100,D,"Laudo (Outros)",A,2021-01-11,marcos,NULL,NULL
316,104,D,"Ofício (Outros)",A,2021-01-11,marcos,NULL,NULL
317,104,D,"Ofício Requisitório de Precatório",A,2021-01-11,marcos,NULL,NULL
318,107,D,"Parecer do MP",A,2021-01-11,marcos,NULL,NULL
319,107,D,"Parecer (Outros)",A,2021-01-11,marcos,NULL,NULL
320,107,D,"Parecer Técnico",A,2021-01-11,marcos,NULL,NULL
321,113,D,"Programa de Controle Médico de Saúde Ocupacional (PCMSO)",A,2021-01-11,marcos,NULL,NULL
322,113,D,"Programa de Formação do Patrimônio do Servidor Público (PASEP)",A,2021-01-11,marcos,NULL,NULL
323,113,D,"Programa de Integração Social (PIS)",A,2021-01-11,marcos,NULL,NULL
324,113,D,"Programa de Prevenção de Riscos Ambientais (PPRA)",A,2021-01-11,marcos,NULL,NULL
326,115,D,"Recibo de Entrega de Equipamento de Proteção Individual (EPI)",A,2021-01-11,marcos,NULL,NULL
327,115,D,"Recibo de Entrega de Uniforme",A,2021-01-11,marcos,NULL,NULL
328,115,D,"Recibo de Entrega de Vale Refeição",A,2021-01-11,marcos,NULL,NULL
329,115,D,"Recibo de Entrega de Vale Transporte",A,2021-01-11,marcos,NULL,NULL
330,115,D,"Recibo de Envio ao BNMP",A,2021-01-11,marcos,NULL,NULL
331,115,D,"Recibo de Férias",A,2021-01-11,marcos,NULL,NULL
332,115,D,"Recibo (Outros)",A,2021-01-11,marcos,NULL,NULL
334,118,D,"Relatório de Acompanhamento",A,2021-01-11,marcos,NULL,NULL
337,118,D,"Relatório de Comparecimento - Medida Socioeducativa",A,2021-01-11,marcos,NULL,NULL
338,118,D,"Relatório de Encerramento",A,2021-01-11,marcos,NULL,NULL
341,118,D,"Relatório Informativo",A,2021-01-11,marcos,NULL,NULL
342,118,D,"Relatório Inicial - PIA",A,2021-01-11,marcos,NULL,NULL
345,118,D,"Relatório Psicológico",A,2021-01-11,marcos,NULL,NULL
346,118,D,"Relatório Social",A,2021-01-11,marcos,NULL,NULL
347,124,D,"Título Extrajudicial",A,2021-01-11,marcos,NULL,NULL
348,124,D,"Título Judicial",A,2021-01-11,marcos,NULL,NULL
349,124,D,"Título (Outros)",A,2021-01-11,marcos,NULL,NULL
351,126,D,"Cota Ministerial",A,2021-01-11,marcos,NULL,NULL
352,126,D,"Cota (Outras)",A,2021-01-11,marcos,NULL,NULL
353,140,D,"Denunciação da Lide",A,2021-01-11,marcos,NULL,NULL
354,140,D,"Assistência Litisconsorcial (Outras)",A,2021-01-11,marcos,NULL,NULL
355,185,D,"Pedido de Desistência da Ação ",A,2021-01-11,marcos,NULL,NULL
356,185,D,"Pedido de Desistência do Recurso ",A,2021-01-11,marcos,NULL,NULL
357,199,D,"Pedido de uniformização de interpretação de lei federal - Nacional ",A,2021-01-11,marcos,NULL,NULL
358,199,D,"Pedido de uniformização de interpretação de lei federal - Regional ",A,2021-01-11,marcos,NULL,NULL
359,202,D,"Petição Inicial com Pedido de Busca e Apreensão ",A,2021-01-11,marcos,"2021-03-10 15:41:23",pedro.amorim
360,202,D,"Petição Inicial com Pedido de Cassação ",A,2021-01-11,marcos,NULL,NULL
361,202,D,"Petição Inicial com Pedido de Sigilo ",A,2021-01-11,marcos,NULL,NULL
362,202,D,"Petição Inicial com Pedido Liminar/Antecipação de Tutela ",A,2021-01-11,marcos,NULL,NULL
363,202,D,"Petição Inicial (Outras) ",A,2021-01-11,marcos,NULL,NULL
364,216,D,"Agravo Inominado ou Legal ",A,2021-01-11,marcos,NULL,NULL
365,216,D,"Agravo de Instrumento ",A,2021-01-11,marcos,NULL,NULL
366,216,D,"Agravo em Pedido de Uniformização de Interpretação de Lei Federal ",A,2021-01-11,marcos,NULL,NULL
367,216,D,"Agravo em Recurso Especial ",A,2021-01-11,marcos,NULL,NULL
368,216,D,"Agravo em Recurso Extraordinário ",A,2021-01-11,marcos,NULL,NULL
369,216,D,"Agravo em Recurso Ordinário ",A,2021-01-11,marcos,NULL,NULL
370,216,D,"Agravo Interno ",A,2021-01-11,marcos,NULL,NULL
371,216,D,"Agravo Regimental ",A,2021-01-11,marcos,NULL,NULL
372,216,D,"Agravo Retido ",A,2021-01-11,marcos,NULL,NULL
373,227,D,"Embargos de Declaração ",A,2021-01-11,marcos,NULL,NULL
374,227,D,"Embargos de Divergência ",A,2021-01-11,marcos,NULL,NULL
375,227,D,"Embargos em Ação Penal ",A,2021-01-11,marcos,NULL,NULL
376,227,D,"Embargos Infringentes ",A,2021-01-11,marcos,NULL,NULL
377,227,D,"Embargos Infringentes e de Nulidade ",A,2021-01-11,marcos,NULL,NULL
378,280,D,"Comprovante de Rendimento (Outros) ",A,2021-01-11,marcos,NULL,NULL
379,280,D,"Contracheque ",A,2021-01-11,marcos,NULL,NULL
380,290,D,"Contrato de Trabalho de Experiência ",A,2021-01-11,marcos,NULL,NULL
381,290,D,"Contrato de Trabalho (Outros) ",A,2021-01-11,marcos,NULL,NULL
382,306,D,"Substabelecimento do Autor/Recorrente com Reserva ",A,2021-01-11,marcos,NULL,NULL
383,306,D,"Substabelecimento do Autor/Recorrente sem Reserva ",A,2021-01-11,marcos,NULL,NULL
384,308,D,"Substabelecimento do Réu/Recorrido com Reserva ",A,2021-01-11,marcos,NULL,NULL
385,308,D,"Substabelecimento do Réu/Recorrido sem Reserva ",A,2021-01-11,marcos,NULL,NULL
388,334,D," Relatório de Acompanhamento - PSC ",A,2021-01-11,marcos,NULL,NULL
393,342,D,"Relatório Inicial - PIA - LA ",A,2021-01-11,marcos,NULL,NULL
394,342,D,"Relatório Inicial - PIA - LA - PSC ",A,2021-01-11,marcos,NULL,NULL
395,342,D,"Relatório Inicial - PIA - PSC ",A,2021-01-11,marcos,NULL,NULL
398,2,D,Alvará,A,2021-01-14,marcos,NULL,NULL
399,2,D,Ata,A,2021-01-14,marcos,NULL,NULL
400,2,D,Auto,A,2021-01-14,marcos,NULL,NULL
401,2,D,Carta,A,2021-01-14,marcos,NULL,NULL
402,2,D,Certidão,A,2021-01-14,marcos,NULL,NULL
403,2,D,Cópia,A,2021-01-14,marcos,NULL,NULL
404,2,D,Decisão,A,2021-01-14,marcos,NULL,NULL
405,2,D,"Decreto Judiciário",A,2021-01-14,marcos,NULL,NULL
406,2,D,"Dissidência Partidária",A,2021-01-14,marcos,NULL,NULL
407,2,D,"Documento de Inconsistência",A,2021-01-14,marcos,NULL,NULL
408,2,D,Edital,A,2021-01-14,marcos,NULL,NULL
409,2,D,Despacho,A,2021-01-14,marcos,NULL,NULL
410,2,D,E-mail,A,2021-01-14,marcos,NULL,NULL
411,2,D,Guia,A,2021-01-14,marcos,NULL,NULL
412,2,D,Informação,A,2021-01-14,marcos,NULL,NULL
413,2,D,"Instrução Normativa",A,2021-01-14,marcos,NULL,NULL
414,2,D,"Malote Digital",A,2021-01-14,marcos,NULL,NULL
415,2,D,Mandado,A,2021-01-14,marcos,NULL,NULL
416,2,D,"Mapa de Documentação",A,2021-01-14,marcos,NULL,NULL
417,2,D,Ofício,A,2021-01-14,marcos,NULL,NULL
418,2,D,Ordem,A,2021-01-14,marcos,NULL,NULL
419,2,D,"Pauta de Julgamento",A,2021-01-14,marcos,NULL,NULL
420,2,D,Portaria,A,2021-01-14,marcos,NULL,NULL
421,2,D,Provimento,A,2021-01-14,marcos,NULL,NULL
422,2,D,Relatório,A,2021-01-14,marcos,NULL,NULL
423,2,D,Termo,A,2021-01-14,marcos,NULL,NULL
424,2,D,"Título Judicial",A,2021-01-14,marcos,NULL,NULL
427,4,D,Comunicação,A,2021-01-14,marcos,NULL,NULL
428,398,D,"Alvará de Levantamento",A,2021-01-14,marcos,NULL,NULL
429,398,D,"Alvará de Liberação",A,2021-01-14,marcos,NULL,NULL
430,398,D,"Alvará de Pagamento",A,2021-01-14,marcos,NULL,NULL
431,398,D,"Alvará de Recambiamento",A,2021-01-14,marcos,NULL,NULL
432,398,D,"Alvará de Sepultamento",A,2021-01-14,marcos,NULL,NULL
433,398,D,"Alvará de Soltura",A,2021-01-14,marcos,NULL,NULL
434,398,D,"Alvará de Transferência",A,2021-01-14,marcos,NULL,NULL
435,398,D,"Alvará de Viagem",A,2021-01-14,marcos,NULL,NULL
437,398,D,"Alvará (Outros)",A,2021-01-14,marcos,NULL,NULL
438,398,D,"Alvará para Festa",A,2021-01-14,marcos,NULL,NULL
439,398,D,"Alvará para Trabalhar",A,2021-01-14,marcos,NULL,NULL
440,399,D,"Ata de Acompanhamento",A,2021-01-14,marcos,NULL,NULL
441,399,D,"Ata de Audiência",A,2021-01-14,marcos,NULL,NULL
442,399,D,"Ata de Distribuição",A,2021-01-14,marcos,NULL,NULL
443,399,D,"Ata de Inspeção",A,2021-01-14,marcos,NULL,NULL
444,399,D,"Ata de Julgamento",A,2021-01-14,marcos,NULL,NULL
445,399,D,"Ata de Sessão",A,2021-01-14,marcos,NULL,NULL
446,400,D,"Auto de Adjudicação",A,2021-01-14,marcos,NULL,NULL
447,400,D,"Auto de Arrematação",A,2021-01-14,marcos,NULL,NULL
448,400,D,"Auto de Arresto",A,2021-01-14,marcos,NULL,NULL
449,400,D,"Auto de Avaliação",A,2021-01-14,marcos,NULL,NULL
450,400,D,"Auto de Busca e Apreensão",A,2021-01-14,marcos,NULL,NULL
451,400,D,"Auto de Constatação",A,2021-01-14,marcos,NULL,NULL
452,400,D,"Auto de Depósito",A,2021-01-14,marcos,NULL,NULL
453,400,D,"Auto de Penhora",A,2021-01-14,marcos,NULL,NULL
454,400,D,"Auto de Restauração de Autos",A,2021-01-14,marcos,NULL,NULL
455,401,D,"Carta Convite",A,2021-01-14,marcos,NULL,NULL
456,401,D,"Carta de Adjudicação",A,2021-01-14,marcos,NULL,NULL
457,401,D,"Carta de Arrematação",A,2021-01-14,marcos,NULL,NULL
458,401,D,"Carta de Guia",A,2021-01-14,marcos,NULL,NULL
459,401,D,"Carta de Ordem",A,2021-01-14,marcos,NULL,NULL
460,401,D,"Carta de Preposto",A,2021-01-14,marcos,NULL,NULL
461,401,D,"Carta de Sentença",A,2021-01-14,marcos,NULL,NULL
462,401,D,"Carta (Outras)",A,2021-01-14,marcos,NULL,NULL
463,401,D,"Carta Precatória",A,2021-01-14,marcos,NULL,NULL
464,401,D,"Carta Rogatória",A,2021-01-14,marcos,NULL,NULL
465,402,D,"Certidão de Afastamento",A,2021-01-14,marcos,NULL,NULL
466,402,D,"Certidão de Alteração de Classe",A,2021-01-14,marcos,NULL,NULL
467,402,D,"Certidão de Antecedentes Penais",A,2021-01-14,marcos,NULL,NULL
468,402,D,"Certidão de Apensação",A,2021-01-14,marcos,NULL,NULL
469,402,D,"Certidão de Arquivamento",A,2021-01-14,marcos,NULL,NULL
470,402,D,"Certidão de Ausência",A,2021-01-14,marcos,NULL,NULL
472,402,D,"Certidão de Autos Originais Incompletos",A,2021-01-14,marcos,NULL,NULL
473,402,D,"Certidão de Autuação",A,2021-01-14,marcos,NULL,NULL
474,402,D,"Certidão de Baixa",A,2021-01-14,marcos,NULL,NULL
475,402,D,"Certidão de Cancelamento da Distribuição",A,2021-01-14,marcos,NULL,NULL
476,402,D,"Certidão de Carimbo Ilegível",A,2021-01-14,marcos,NULL,NULL
477,402,D,"Certidão de Conclusão",A,2021-01-14,marcos,NULL,NULL
478,402,D,"Certidão da Contadoria",A,2021-01-14,marcos,NULL,NULL
479,402,D,"Certidão de Consulta",A,2021-01-14,marcos,NULL,NULL
480,402,D,"Certidão de Crédito",A,2021-01-14,marcos,NULL,NULL
481,402,D,"Certidão de Cumprimento de Mandado de Prisão",A,2021-01-14,marcos,NULL,NULL
482,402,D,"Certidão de Custas",A,2021-01-14,marcos,NULL,NULL
483,402,D,"Certidão de Decurso de Prazo",A,2021-01-14,marcos,NULL,NULL
484,402,D,"Certidão de Desconstituição da Penhora",A,2021-01-14,marcos,NULL,NULL
485,402,D,"Certidão de Desentranhamento",A,2021-01-14,marcos,NULL,NULL
486,402,D,"Certidão de Devolução de AR",A,2021-01-14,marcos,NULL,NULL
487,402,D,"Certidão de Devolução dos Autos",A,2021-01-14,marcos,NULL,NULL
488,402,D,"Certidão de Digitalização",A,2021-01-14,marcos,NULL,NULL
489,402,D,"Certidão de Distribuição",A,2021-01-14,marcos,NULL,NULL
490,402,D,"Certidão de Dívida Ativa (CDA)",A,2021-01-14,marcos,NULL,NULL
491,402,D,"Certidão de Expedição",A,2021-01-14,marcos,NULL,NULL
492,402,D,"Certidão de Extinção de Punibilidade por Morte",A,2021-01-14,marcos,NULL,NULL
493,402,D,"Certidão de Falta de Páginas",A,2021-01-14,marcos,NULL,NULL
494,402,D,"Certidão de Fatos",A,2021-01-14,marcos,NULL,NULL
495,402,D,"Certidão de Gabinete",A,2021-01-14,marcos,NULL,NULL
496,402,D,"Certidão de Inclusão",A,2021-01-14,marcos,NULL,NULL
497,402,D,"Certidão de Inscrição de Penhora",A,2021-01-14,marcos,NULL,NULL
498,402,D,"Certidão de Inspeção",A,2021-01-14,marcos,NULL,NULL
499,402,D,"Certidão de Inteiro Teor",A,2021-01-14,marcos,NULL,NULL
500,402,D,"Certidão de Interposição de Recurso",A,2021-01-14,marcos,NULL,NULL
501,402,D,"Certidão de Intimação",A,2021-01-14,marcos,NULL,NULL
502,402,D,"Certidão de Inventariante",A,2021-01-14,marcos,NULL,NULL
503,402,D,"Certidão de Julgamento",A,2021-01-14,marcos,NULL,NULL
504,402,D,"Certidão de Juntada",A,2021-01-14,marcos,NULL,NULL
505,402,D,"Certidão de Militância",A,2021-01-14,marcos,NULL,NULL
506,402,D,"Certidão de Não Apresentação de Contrarrazões",A,2021-01-14,marcos,NULL,NULL
507,402,D,"Certidão de Não Interposição de Recurso",A,2021-01-14,marcos,NULL,NULL
508,402,D,"Certidão de Narrativa/Andamento",A,2021-01-14,marcos,NULL,NULL
509,402,D,"Certidão de Oficial de Justiça",A,2021-01-14,marcos,NULL,NULL
510,402,D,"Certidão de Página Ilegível",A,2021-01-14,marcos,NULL,NULL
511,402,D,"Certidão de Pedido de Assistência Judiciária",A,2021-01-14,marcos,NULL,NULL
512,402,D,"Certidão de Pedido de Vista",A,2021-01-14,marcos,NULL,NULL
513,402,D,"Certidão de Penhora no Rosto dos Autos",A,2021-01-14,marcos,NULL,NULL
514,402,D,"Certidão de Protesto",A,2021-01-14,marcos,NULL,NULL
515,402,D,"Certidão de Publicação",A,2021-01-14,marcos,NULL,NULL
516,402,D,"Certidão de Quitação de Precatório/RPV",A,2021-01-14,marcos,NULL,NULL
517,402,D,"Certidão de Redistribuição",A,2021-01-14,marcos,NULL,NULL
518,402,D,"Certidão de Reenvio de Autos",A,2021-01-14,marcos,NULL,NULL
519,402,D,"Certidão de Registro de Impedimento",A,2021-01-14,marcos,NULL,NULL
520,402,D,"Certidão de Remessa",A,2021-01-14,marcos,NULL,NULL
521,402,D,"Certidão de Republicação",A,2021-01-14,marcos,NULL,NULL
522,402,D,"Certidão de Retirada de Pauta",A,2021-01-14,marcos,NULL,NULL
523,402,D,"Certidão de Retificação",A,2021-01-14,marcos,NULL,NULL
524,402,D,"Certidão de Suspensão de Direitos Políticos",A,2021-01-14,marcos,NULL,NULL
525,402,D,"Certidão de Tramitação Física",A,2021-01-14,marcos,NULL,NULL
526,402,D,"Certidão de Transcurso de Prazo",A,2021-01-14,marcos,NULL,NULL
527,402,D,"Certidão de Trânsito em Julgado",A,2021-01-14,marcos,NULL,NULL
528,402,D,"Certidão de Triagem",A,2021-01-14,marcos,NULL,NULL
529,402,D,"Certidão de Validação de Peças Digitalizadas",A,2021-01-14,marcos,NULL,NULL
530,402,D,"Certidão de Vista Pessoal",A,2021-01-14,marcos,NULL,NULL
531,402,D,"Certidão Geral de Curatela",A,2021-01-14,marcos,NULL,NULL
532,402,D,"Certidão Judicial",A,2021-01-14,marcos,NULL,NULL
533,402,D,"Certidão Negativa de Débitos Trabalhistas (CNDT)",A,2021-01-14,marcos,NULL,NULL
534,402,D,"Certidão (Outras)",A,2021-01-14,marcos,NULL,NULL
535,404,D,"Anulação e Substituição de Títulos ao Portador",A,2021-01-14,marcos,NULL,NULL
536,404,D,Acórdão,A,2021-01-14,marcos,NULL,NULL
537,404,D,"Autorização Judicial",A,2021-01-14,marcos,NULL,NULL
538,404,D,"Decisão Monocrática Terminativa",A,2021-01-14,marcos,NULL,NULL
539,404,D,"Declinatória de competência",A,2021-01-14,marcos,NULL,NULL
540,404,D,"Extinção de Processo",A,2021-01-14,marcos,NULL,NULL
541,404,D,Interlocutória,A,2021-01-14,marcos,NULL,NULL
542,404,D,"Juízo de Admissibilidade",A,2021-01-14,marcos,NULL,NULL
543,404,D,"Juízo de Retratação",A,2021-01-14,marcos,NULL,NULL
544,404,D,"Ordem de Habeas Corpus",A,2021-01-14,marcos,NULL,NULL
545,404,D,"Plano Individual de Atendimento",A,2021-01-14,marcos,NULL,NULL
546,404,D,Pronúncia,A,2021-01-14,marcos,NULL,NULL
547,404,D,"Questão de Ordem",A,2021-01-14,marcos,NULL,NULL
548,404,D,"Reexame de Matéria Repetitiva",A,2021-01-14,marcos,NULL,NULL
549,404,D,"Requisição/Solicitação Judicial",A,2021-01-14,marcos,NULL,NULL
550,404,D,Sentença,A,2021-01-14,marcos,NULL,NULL
551,405,D,"Decreto Judiciário de Homologação de Declaração de Vacância",A,2021-01-14,marcos,NULL,NULL
552,405,D,"Decreto Judiciário de Demissão",A,2021-01-14,marcos,NULL,NULL
553,405,D,"Decreto Judiciário de Homologação de Extinção de Serviço de Foro Extrajudicial",A,2021-01-14,marcos,NULL,NULL
554,405,D,"Decreto Judiciário de Homologação de Renúncia",A,2021-01-14,marcos,NULL,NULL
555,405,D,"Decreto Judiciário de Nomeação",A,2021-01-14,marcos,NULL,NULL
556,405,D,"Decreto Judiciário de Perda de Delegação",A,2021-01-14,marcos,NULL,NULL
557,405,D,"Decreto Judiciário de Relotação",A,2021-01-14,marcos,NULL,NULL
558,405,D,"Decreto Judiciário de Remoção",A,2021-01-14,marcos,NULL,NULL
559,407,D,"Documento de Inconsistência de Advogado",A,2021-01-14,marcos,NULL,NULL
560,407,D,"Documento de Inconsistência de Jus Postulandi",A,2021-01-14,marcos,NULL,NULL
561,408,D,"Edital de Alienação de Ativos",A,2021-01-14,marcos,NULL,NULL
562,408,D,"Edital de Chamamento",A,2021-01-14,marcos,NULL,NULL
563,408,D,"Edital de Citação",A,2021-01-14,marcos,NULL,NULL
564,408,D,"Edital de Convocação de Assembleia de Credores",A,2021-01-14,marcos,NULL,NULL
565,408,D,"Edital de Decretação de Falência e Relação de Credores",A,2021-01-14,marcos,NULL,NULL
566,408,D,"Edital de Intimação",A,2021-01-14,marcos,NULL,NULL
567,408,D,"Edital de Leilão",A,2021-01-14,marcos,NULL,NULL
568,408,D,"Edital de Notificação",A,2021-01-14,marcos,NULL,NULL
569,408,D,"Edital (Outros)",A,2021-01-14,marcos,NULL,NULL
570,409,D,"Certificação do Decurso de Prazo",A,2021-01-14,marcos,NULL,NULL
571,409,D,Citação,A,2021-01-14,marcos,NULL,NULL
572,409,D,Conversão,A,2021-01-14,marcos,NULL,NULL
573,409,D,"Despacho de Mero Expediente",A,2021-01-14,marcos,NULL,NULL
574,409,D,"Inicial da Execução",A,2021-01-14,marcos,NULL,NULL
575,409,D,Intimação,A,2021-01-14,marcos,NULL,NULL
576,411,D,"Guia de Acolhimento de Criança e Adolescente",A,2021-01-14,marcos,NULL,NULL
577,411,D,"Guia de Atualização de Cálculo",A,2021-01-14,marcos,NULL,NULL
578,411,D,"Guia de Cálculo",A,2021-01-14,marcos,NULL,NULL
579,411,D,"Guia de Custas",A,2021-01-14,marcos,NULL,NULL
580,411,D,"Guia de Depósito Judicial",A,2021-01-14,marcos,NULL,NULL
581,411,D,"Guia de Execução Penal",A,2021-01-14,marcos,NULL,NULL
582,411,D,"Guia de Fiança",A,2021-01-14,marcos,NULL,NULL
583,411,D,"Guia de Multa",A,2021-01-14,marcos,NULL,NULL
584,411,D,"Guia de Preparo",A,2021-01-14,marcos,NULL,NULL
585,411,D,"Guia de Recolhimento",A,2021-01-14,marcos,NULL,NULL
586,412,D,Informação,A,2021-01-14,marcos,NULL,NULL
587,412,D,"Informação de candidato",A,2021-01-14,marcos,NULL,NULL
588,412,D,"Informação de coligação",A,2021-01-14,marcos,NULL,NULL
589,412,D,"Informação de partido",A,2021-01-14,marcos,NULL,NULL
590,415,D,Contramandado,A,2021-01-14,marcos,NULL,NULL
591,415,D,"Diligência de Carta Precatória",A,2021-01-14,marcos,NULL,NULL
592,415,D,"Formal de Partilha",A,2021-01-14,marcos,NULL,NULL
593,415,D,"Mandado de Abrigamento",A,2021-01-14,marcos,NULL,NULL
594,415,D,"Mandado de Acompanhamento",A,2021-01-14,marcos,NULL,NULL
595,415,D,"Mandado de Afastamento",A,2021-01-14,marcos,NULL,NULL
596,415,D,"Mandado de Apresentação de Criança e Adolescente",A,2021-01-14,marcos,NULL,NULL
597,415,D,"Mandado de Apreensão",A,2021-01-14,marcos,NULL,NULL
598,415,D,"Mandado de Arrecadação",A,2021-01-14,marcos,NULL,NULL
600,415,D,"Mandado de Arresto",A,2021-01-14,marcos,NULL,NULL
601,415,D,"Mandado de Arrolamento",A,2021-01-14,marcos,NULL,NULL
602,415,D,"Mandado de Atendimento Médico",A,2021-01-14,marcos,NULL,NULL
603,415,D,"Mandado de Avaliação",A,2021-01-14,marcos,NULL,NULL
604,415,D,"Mandado de Averbação",A,2021-01-14,marcos,NULL,NULL
605,415,D,"Mandado de Averiguação",A,2021-01-14,marcos,NULL,NULL
606,415,D,"Mandado de Busca",A,2021-01-14,marcos,NULL,NULL
607,415,D,"Mandado de Busca e Apreensão",A,2021-01-14,marcos,NULL,NULL
608,415,D,"Mandado de Citação",A,2021-01-14,marcos,NULL,NULL
609,415,D,"Mandado de Comparecimento em Audiência Admonitória",A,2021-01-14,marcos,NULL,NULL
610,415,D,"Mandado de Complemento de Diligência e Informações",A,2021-01-14,marcos,NULL,NULL
611,415,D,"Mandado de Condução Coercitiva",A,2021-01-14,marcos,NULL,NULL
612,415,D,"Mandado de Constatação",A,2021-01-14,marcos,NULL,NULL
613,415,D,"Mandado de Convocação",A,2021-01-14,marcos,NULL,NULL
614,415,D,"Mandado de Demarcação",A,2021-01-14,marcos,NULL,NULL
615,415,D,"Mandado de Depósito",A,2021-01-14,marcos,NULL,NULL
616,415,D,"Mandado de Desconto de Pensão Alimentícia",A,2021-01-14,marcos,NULL,NULL
617,415,D,"Mandado de Desinternação",A,2021-01-14,marcos,NULL,NULL
618,415,D,"Mandado de Desocupação",A,2021-01-14,marcos,NULL,NULL
619,415,D,"Mandado de Despejo",A,2021-01-14,marcos,NULL,NULL
620,415,D,"Mandado de Encaminhamento",A,2021-01-14,marcos,NULL,NULL
621,415,D,"Mandado de Entrega",A,2021-01-14,marcos,NULL,NULL
622,415,D,"Mandado de Imissão na Posse",A,2021-01-14,marcos,NULL,NULL
623,415,D,"Mandado de Internação",A,2021-01-14,marcos,NULL,NULL
624,415,D,"Mandado de Intimação",A,2021-01-14,marcos,NULL,NULL
625,415,D,"Mandado de Interceptação",A,2021-01-14,marcos,NULL,NULL
626,415,D,"Mandado de Lacramento",A,2021-01-14,marcos,NULL,NULL
627,415,D,"Mandado de Manutenção",A,2021-01-14,marcos,NULL,NULL
628,415,D,"Mandado de Monitoramento Eletrônico",A,2021-01-14,marcos,NULL,NULL
629,415,D,"Mandado de Notificação",A,2021-01-14,marcos,NULL,NULL
630,415,D,"Mandado de Ordem",A,2021-01-14,marcos,NULL,NULL
631,415,D,"Mandado de Pagamento",A,2021-01-14,marcos,NULL,NULL
632,415,D,"Mandado Penhora",A,2021-01-14,marcos,NULL,NULL
633,415,D,"Mandado de Prisão",A,2021-01-14,marcos,NULL,NULL
634,415,D,"Mandado de Recambiamento",A,2021-01-14,marcos,NULL,NULL
635,415,D,"Mandado de Recolhimento",A,2021-01-14,marcos,NULL,NULL
636,415,D,"Mandado de Registro",A,2021-01-14,marcos,NULL,NULL
637,415,D,"Mandado de Reintegração de Posse",A,2021-01-14,marcos,NULL,NULL
638,415,D,"Mandado de Remoção",A,2021-01-14,marcos,NULL,NULL
639,415,D,"Mandado de Restituição",A,2021-01-14,marcos,NULL,NULL
640,415,D,"Mandado de Retificação",A,2021-01-14,marcos,NULL,NULL
641,415,D,"Mandado de Salvo Conduto",A,2021-01-14,marcos,NULL,NULL
642,415,D,"Mandado de Sequestro",A,2021-01-14,marcos,NULL,NULL
643,415,D,"Mandado de Sustação e Protesto",A,2021-01-14,marcos,NULL,NULL
644,415,D,"Mandado de Transcrição para o Livro",A,2021-01-14,marcos,NULL,NULL
645,415,D,"Mandado de Verificação",A,2021-01-14,marcos,NULL,NULL
646,415,D,"Mandado de Vistoria",A,2021-01-14,marcos,NULL,NULL
647,415,D,"Mandado (Outros)",A,2021-01-14,marcos,NULL,NULL
648,416,D,"Mapa de documentação de coligação",A,2021-01-14,marcos,NULL,NULL
649,416,D,"Mapa de documentação de partido",A,2021-01-14,marcos,NULL,NULL
650,417,D,Ofício-Circular,A,2021-01-14,marcos,NULL,NULL
651,417,D,"Ofício Comunicando Decisões",A,2021-01-14,marcos,NULL,NULL
652,417,D,"Ofício Enviando Acórdão",A,2021-01-14,marcos,NULL,NULL
653,417,D,"Ofício Enviando Informações",A,2021-01-14,marcos,NULL,NULL
654,417,D,"Ofício (Outros)",A,2021-01-14,marcos,NULL,NULL
655,417,D,"Ofício Solicitando Informações",A,2021-01-14,marcos,NULL,NULL
656,417,D,"Ofício Solicitando Peças",A,2021-01-14,marcos,NULL,NULL
657,418,D,"Ordem de Desinternação",A,2021-01-14,marcos,NULL,NULL
658,418,D,"Ordem de Liberação",A,2021-01-14,marcos,NULL,NULL
659,418,D,"Ordem de Serviço",A,2021-01-14,marcos,NULL,NULL
660,420,D,"Portaria de Derrogação",A,2021-01-14,marcos,NULL,NULL
661,420,D,"Portaria de Designação",A,2021-01-14,marcos,NULL,NULL
662,420,D,"Portaria de Homologação",A,2021-01-14,marcos,NULL,NULL
663,420,D,"Portaria de Instauração de PAD",A,2021-01-14,marcos,NULL,NULL
664,420,D,"Portaria de Instauração de Sindicância",A,2021-01-14,marcos,NULL,NULL
665,420,D,"Portaria de Juramentação",A,2021-01-14,marcos,NULL,NULL
666,420,D,"Portaria de Retificação",A,2021-01-14,marcos,NULL,NULL
667,420,D,"Portaria de Revogação",A,2021-01-14,marcos,NULL,NULL
668,420,D,"Portaria de Suspensão de Expediente",A,2021-01-14,marcos,NULL,NULL
669,422,D,"Relatório de nome social",A,2021-01-14,marcos,NULL,NULL
670,422,D,"Relatório de requisitos para registro",A,2021-01-14,marcos,NULL,NULL
671,422,D,"Relatório conclusivo",A,2021-01-14,marcos,NULL,NULL
672,422,D,"Relatório (outros)",A,2021-01-14,marcos,NULL,NULL
673,423,D,"Termo Circunstanciado",A,2021-01-14,marcos,NULL,NULL
674,423,D,"Termo de Abertura/Encerramento",A,2021-01-14,marcos,NULL,NULL
675,423,D,"Termo de Acordo",A,2021-01-14,marcos,NULL,NULL
676,423,D,"Termo de Adjudicação",A,2021-01-14,marcos,NULL,NULL
677,423,D,"Termo de Ajustamento de Conduta",A,2021-01-14,marcos,NULL,NULL
678,423,D,"Termo de Aplicação de Penalidade",A,2021-01-14,marcos,NULL,NULL
679,423,D,"Termo de Apresentação e Apreensão",A,2021-01-14,marcos,NULL,NULL
680,423,D,"Termo de Arresto",A,2021-01-14,marcos,NULL,NULL
681,423,D,"Termo de Audiência",A,2021-01-14,marcos,NULL,NULL
682,423,D,"Termo de Autuação",A,2021-01-14,marcos,NULL,NULL
683,423,D,"Termo de Caução",A,2021-01-14,marcos,NULL,NULL
684,423,D,"Termo de Cessão de Direitos Hereditários",A,2021-01-14,marcos,NULL,NULL
685,423,D,"Termo de Ciência da Sentença e Recurso",A,2021-01-14,marcos,NULL,NULL
686,423,D,"Termo de Comparecimento",A,2021-01-14,marcos,NULL,NULL
687,423,D,"Termo de Compensação de Débito Tributário",A,2021-01-14,marcos,NULL,NULL
688,423,D,"Termo de Compromisso",A,2021-01-14,marcos,NULL,NULL
689,423,D,"Termo de Conciliação",A,2021-01-14,marcos,NULL,NULL
690,423,D,"Termo de Curatela",A,2021-01-14,marcos,NULL,NULL
691,423,D,"Termo de Declaração de Testemunha",A,2021-01-14,marcos,NULL,NULL
692,423,D,"Termo de Depósito",A,2021-01-14,marcos,NULL,NULL
693,423,D,"Termo de Desconstituição de Penhora",A,2021-01-14,marcos,NULL,NULL
694,423,D,"Termo de Encerramento",A,2021-01-14,marcos,NULL,NULL
695,423,D,"Termo de Fiança",A,2021-01-14,marcos,NULL,NULL
696,423,D,"Termo de Inventariante",A,2021-01-14,marcos,NULL,NULL
697,423,D,"Termo de Mediação",A,2021-01-14,marcos,NULL,NULL
698,423,D,"Termo de Penhora",A,2021-01-14,marcos,NULL,NULL
699,423,D,"Termo de Publicação",A,2021-01-14,marcos,NULL,NULL
700,423,D,"Termo de Recusa de Mediação/Conciliação",A,2021-01-14,marcos,NULL,NULL
701,423,D,"Termo de Remessa",A,2021-01-14,marcos,NULL,NULL
702,423,D,"Termo de Renúncia de Direitos Hereditários",A,2021-01-14,marcos,NULL,NULL
703,423,D,"Termo de Rescisão de Contrato de Trabalho",A,2021-01-14,marcos,NULL,NULL
704,423,D,"Termo de Restituição",A,2021-01-14,marcos,NULL,NULL
705,423,D,"Termo de Transcrição de Depoimento",A,2021-01-14,marcos,NULL,NULL
706,423,D,"Termo de Tutela",A,2021-01-14,marcos,NULL,NULL
707,29,D,"Informações Prestadas (Outras)",A,2021-01-14,marcos,NULL,NULL
708,70,D,"Comprovante de Depósito",A,2021-01-14,marcos,NULL,NULL
709,708,D,"Comprovante de Depósito Judicial",A,2021-01-14,marcos,NULL,NULL
710,708,D,"Comprovante de Depósito Recursal",A,2021-01-14,marcos,NULL,NULL
711,427,D,"Comunicação de Acidente de trabalho (CAT)",A,2021-01-14,marcos,NULL,NULL
712,427,D,"Comunicação de Dispensa e Seguro Desemprego",A,2021-01-14,marcos,NULL,NULL
713,428,D,"Alvará de Levantamento (Outros)",A,2021-01-14,marcos,NULL,NULL
714,428,D,"Alvará de Levantamento de FGTS",A,2021-01-14,marcos,NULL,NULL
715,428,D,"Alvará de Levantamento de Valores para Perícia",A,2021-01-14,marcos,NULL,NULL
716,428,D,"Alvará de Levantamento do INSS",A,2021-01-14,marcos,NULL,NULL
717,429,D,"Alvará de Liberação (Outros)",A,2021-01-14,marcos,NULL,NULL
718,429,D,"Alvará de Liberação de Coisa Apreendida",A,2021-01-14,marcos,NULL,NULL
719,430,D,"Alvará de Pagamento de GRU",A,2021-01-14,marcos,NULL,NULL
720,430,D,"Alvará de Pagamento de Imposto de Renda de Pessoa Física",A,2021-01-14,marcos,NULL,NULL
721,430,D,"Alvará de Pagamento do INSS",A,2021-01-14,marcos,NULL,NULL
722,433,D,"Alvará de Soltura (Outros)",A,2021-01-14,marcos,NULL,NULL
723,433,D,"Alvará de Soltura com Termo",A,2021-01-14,marcos,NULL,NULL
724,433,D,"Alvará de Soltura em Execução de Alimentos",A,2021-01-14,marcos,NULL,NULL
725,434,D,"Alvará de Transferência - Sisbajud",A,2021-01-14,marcos,"2021-03-10 14:51:00",pedro.amorim
726,434,D,"Alvará de Transferência - Credor",A,2021-01-14,marcos,NULL,NULL
727,434,D,"Alvará de Transferência - Imposto de Renda de Pessoa Física",A,2021-01-14,marcos,NULL,NULL
728,434,D,"Alvará de Transferência (Outros)",A,2021-01-14,marcos,NULL,NULL
729,435,D,"Alvará de Viagem ao Exterior e/ou Passaporte",A,2021-01-14,marcos,NULL,NULL
730,435,D,"Alvará de Viagem Nacional",A,2021-01-14,marcos,NULL,NULL
731,441,D,"Ata de Audiência (Outras)",A,2021-01-14,marcos,NULL,NULL
732,441,D,"Ata de Audiência Admonitória",A,2021-01-14,marcos,NULL,NULL
733,441,D,"Ata de Audiência de Acolhimento",A,2021-01-14,marcos,NULL,NULL
734,441,D,"Ata de Audiência de Apresentação (ECA)",A,2021-01-14,marcos,NULL,NULL
735,441,D,"Ata de Audiência de Conciliação",A,2021-01-14,marcos,NULL,NULL
736,441,D,"Ata de Audiência de Custódia",A,2021-01-14,marcos,NULL,NULL
737,441,D,"Ata de Audiência de Instrução",A,2021-01-14,marcos,NULL,NULL
738,441,D,"Ata de Audiência de Instrução e Julgamento",A,2021-01-14,marcos,NULL,NULL
739,441,D,"Ata de Audiência de Julgamento",A,2021-01-14,marcos,NULL,NULL
740,441,D,"Ata de Audiência de Justificação",A,2021-01-14,marcos,NULL,NULL
741,441,D,"Ata de Audiência de Mediação",A,2021-01-14,marcos,NULL,NULL
742,441,D,"Ata de Audiência do Art. 16 da Lei Maria da Penha",A,2021-01-14,marcos,NULL,NULL
743,445,D,"Ata de Sessão Extraordinária",A,2021-01-14,marcos,NULL,NULL
744,445,D,"Ata de Sessão Ordinária",A,2021-01-14,marcos,NULL,NULL
745,463,D,"Carta Precatória (Outras)",A,2021-01-14,marcos,NULL,NULL
746,463,D,"Carta Precatória Citatória",A,2021-01-14,marcos,NULL,NULL
747,463,D,"Carta Precatória Intimatória",A,2021-01-14,marcos,NULL,NULL
748,470,D,"Certidão de Ausência de CPF/CNPJ",A,2021-01-14,marcos,NULL,NULL
749,470,D,"Certidão de Ausência de Procuração",A,2021-01-14,marcos,NULL,NULL
750,470,D,"Certidão de Ausência de Recolhimento de Custas",A,2021-01-14,marcos,NULL,NULL
751,474,D,"Certidão de Baixa (Outras)",A,2021-01-14,marcos,NULL,NULL
752,474,D,"Certidão de Baixa de Parte",A,2021-01-14,marcos,NULL,NULL
753,479,D,"Certidão de Consulta de Renajud",A,2021-01-14,marcos,NULL,NULL
754,479,D,"Certidão de Consulta de Serasajud",A,2021-01-14,marcos,NULL,NULL
755,479,D,"Protocolo Sisbajud",A,2021-01-14,marcos,"2021-03-10 14:51:50",pedro.amorim
756,480,D,"Certidão de Crédito Judicial",A,2021-01-14,marcos,NULL,NULL
757,480,D,"Certidão de Crédito para Habilitação no Juízo Falimentar",A,2021-01-14,marcos,NULL,NULL
758,480,D,"Certidão de Crédito Trabalhista",A,2021-01-14,marcos,NULL,NULL
759,486,D,"Certidão de Devolução de AR por Ausência",A,2021-01-14,marcos,NULL,NULL
760,486,D,"Certidão de Devolução de AR por Cumprimento",A,2021-01-14,marcos,NULL,NULL
761,486,D,"Certidão de Devolução de AR por Desconhecimento",A,2021-01-14,marcos,NULL,NULL
762,486,D,"Certidão de Devolução de AR por Insuficiência de Endereço",A,2021-01-14,marcos,NULL,NULL
763,486,D,"Certidão de Devolução de AR por Mudança de Endereço",A,2021-01-14,marcos,NULL,NULL
764,491,D,"Certidão de Expedição (Outras)",A,2021-01-14,marcos,NULL,NULL
765,491,D,"Certidão de Expedição de AR",A,2021-01-14,marcos,NULL,NULL
766,496,D,"Certidão de Inclusão em Cadastro de Inadimplente",A,2021-01-14,marcos,NULL,NULL
767,496,D,"Certidão de Inclusão em Pauta",A,2021-01-14,marcos,NULL,NULL
768,501,D,"Certidão de Intimação (Outros)",A,2021-01-14,marcos,NULL,NULL
769,501,D,"Certidão de Intimação por Telefone",A,2021-01-14,marcos,NULL,NULL
770,503,D,"Certidão de Julgamento (Outros)",A,2021-01-14,marcos,NULL,NULL
771,503,D,"Certidão de Julgamento Colegiado",A,2021-01-14,marcos,NULL,NULL
775,536,D,Ementa,A,2021-01-14,marcos,NULL,NULL
776,536,D,Esclarecimentos,A,2021-01-14,marcos,NULL,NULL
777,536,D,"Extrato da Ata",A,2021-01-14,marcos,NULL,NULL
778,536,D,"Nota Oral",A,2021-01-14,marcos,NULL,NULL
779,536,D,Relatório,A,2021-01-14,marcos,NULL,NULL
780,536,D,Súmula,A,2021-01-14,marcos,NULL,NULL
781,536,D,Voto,A,2021-01-14,marcos,NULL,NULL
782,537,D,"Autorização de Viagem",A,2021-01-14,marcos,NULL,NULL
783,537,D,"Autorização de Visita",A,2021-01-14,marcos,NULL,NULL
784,537,D,"Autorização Judicial - Art. 122, I e III, LEP",A,2021-01-14,marcos,NULL,NULL
785,537,D,"Autorização Judicial (Outros)",A,2021-01-14,marcos,NULL,NULL
786,537,D,Salvo-Conduto,A,2021-01-14,marcos,NULL,NULL
787,538,D,"Decisão Monocrática Terminativa Com Resolução de Mérito",A,2021-01-14,marcos,NULL,NULL
788,538,D,"Decisão Monocrática Terminativa Sem Resolução de Mérito",A,2021-01-14,marcos,NULL,NULL
789,541,D,Conversão,A,2021-01-14,marcos,NULL,NULL
790,541,D,"Decisão Parcial de Mérito",A,2021-01-14,marcos,NULL,NULL
791,541,D,"Deferimento de Assistência Judiciária Gratuita",A,2021-01-14,marcos,NULL,NULL
792,541,D,"Indeferimento de Assistência Judiciária Gratuita",A,2021-01-14,marcos,NULL,NULL
793,541,D,"Recebimento da Denúncia",A,2021-01-14,marcos,NULL,NULL
794,541,D,"Tutela Antecipada",A,2021-01-14,marcos,NULL,NULL
795,550,D,"Sentença (Outras)",A,2021-01-14,marcos,NULL,NULL
796,550,D,"Sentença Normativa",A,2021-01-14,marcos,NULL,NULL
797,567,D,"Edital de Leilão (Outros)",A,2021-01-14,marcos,NULL,NULL
798,567,D,"Edital de Leilão 1ª Praça",A,2021-01-14,marcos,NULL,NULL
799,567,D,"Edital de Leilão 2ª Praça",A,2021-01-14,marcos,NULL,NULL
800,567,D,"Edital de Leilão Único",A,2021-01-14,marcos,NULL,NULL
801,571,D,"Citação (Outros)",A,2021-01-14,marcos,NULL,NULL
802,571,D,"Citação e Intimação para Audiência de Conciliação",A,2021-01-14,marcos,NULL,NULL
803,572,D,"Conversão do Arresto em Penhora",A,2021-01-14,marcos,NULL,NULL
804,572,D,"Conversão em Diligência",A,2021-01-14,marcos,NULL,NULL
805,575,D,"Intimação (Outros)",A,2021-01-14,marcos,NULL,NULL
806,575,D,"Intimação para Audiência de Instrução",A,2021-01-14,marcos,NULL,NULL
807,595,D,"Mandado de Afastamento (Outros)",A,2021-01-14,marcos,NULL,NULL
808,595,D,"Mandado de Afastamento e Intimação para Audiência e Outras Medidas (Lei n. 11340/2006)",A,2021-01-14,marcos,NULL,NULL
809,600,D,"Mandado de Arresto (Outros)",A,2021-01-14,marcos,NULL,NULL
810,600,D,"Mandado de Arresto e Avaliação",A,2021-01-14,marcos,NULL,NULL
811,603,D,"Mandado de Avaliação (Outros)",A,2021-01-14,marcos,NULL,NULL
812,603,D,"Mandado de Avaliação e Remoção",A,2021-01-14,marcos,NULL,NULL
813,603,D,"Mandado de Avaliação Indireta",A,2021-01-14,marcos,NULL,NULL
814,607,D,"Mandado de Busca e Apreensão (Outros)",A,2021-01-14,marcos,NULL,NULL
815,607,D,"Mandado de Busca e Apreensão de Autos",A,2021-01-14,marcos,NULL,NULL
816,607,D,"Mandado de Busca e Apreensão de Criança e Adolescente",A,2021-01-14,marcos,NULL,NULL
817,607,D,"Mandado de Busca e Apreensão de Pessoa por Oficial de Justiça",A,2021-01-14,marcos,NULL,NULL
818,607,D,"Mandado de Busca, Apreensão e Depósito",A,2021-01-14,marcos,NULL,NULL
819,608,D,"Mandado de Citação (Outros)",A,2021-01-14,marcos,NULL,NULL
820,608,D,"Mandado de Citação e Separação de Corpos",A,2021-01-14,marcos,NULL,NULL
821,608,D,"Mandado de Citação por Via Postal",A,2021-01-14,marcos,NULL,NULL
822,608,D,"Mandado de Citação, Intimação e Imissão na Posse",A,2021-01-14,marcos,NULL,NULL
823,608,D,"Mandado de Citação, Intimação e Manutenção de Posse",A,2021-01-14,marcos,NULL,NULL
824,608,D,"Mandado de Citação, Intimação, Penhora e Avaliação",A,2021-01-14,marcos,NULL,NULL
825,608,D,"Mandado de Citação, Penhora e Avaliação",A,2021-01-14,marcos,NULL,NULL
826,613,D,"Mandado de Convocação (Outros)",A,2021-01-14,marcos,NULL,NULL
827,613,D,"Mandado de Convocação de Jurado",A,2021-01-14,marcos,NULL,NULL
828,619,D,"Mandado de Despejo (Outros)",A,2021-01-14,marcos,NULL,NULL
829,619,D,"Mandado de Despejo com Audiência Preliminar",A,2021-01-14,marcos,NULL,NULL
830,621,D,"Mandado de Entrega (Outros)",A,2021-01-14,marcos,NULL,NULL
831,621,D,"Mandado de Entrega de Bens Arrematados/Adjudicados",A,2021-01-14,marcos,NULL,NULL
832,622,D,"Mandado de Imissão na Posse (Outros)",A,2021-01-14,marcos,NULL,NULL
833,622,D,"Mandado de Imissão na Posse em Bens Móveis",A,2021-01-14,marcos,NULL,NULL
834,624,D,"Mandado de Intimação (Outros)",A,2021-01-14,marcos,NULL,NULL
835,624,D,"Mandado de Intimação de Hasta Pública",A,2021-01-14,marcos,NULL,NULL
836,624,D,"Mandado de Intimação de Medidas Protetivas",A,2021-01-14,marcos,NULL,NULL
837,624,D,"Mandado de Intimação de Sentença",A,2021-01-14,marcos,NULL,NULL
838,624,D,"Mandado de Intimação de Transação Penal",A,2021-01-14,marcos,NULL,NULL
839,624,D,"Mandado de Intimação e Notificação",A,2021-01-14,marcos,NULL,NULL
840,624,D,"Mandado de Intimação e Penhora",A,2021-01-14,marcos,NULL,NULL
841,624,D,"Mandado de Intimação e Reforço de Penhora",A,2021-01-14,marcos,NULL,NULL
842,624,D,"Mandado de Intimação e Remoção",A,2021-01-14,marcos,NULL,NULL
843,624,D,"Mandado de Intimação para Audiência",A,2021-01-14,marcos,NULL,NULL
844,624,D,"Mandado de Intimação para Devolução de Autos",A,2021-01-14,marcos,NULL,NULL
845,624,D,"Mandado de Intimação para Perícia",A,2021-01-14,marcos,NULL,NULL
846,624,D,"Mandado de Intimação, Penhora e Avaliação",A,2021-01-14,marcos,NULL,NULL
847,625,D,"Mandado de Interceptação Telefônica",A,2021-01-14,marcos,NULL,NULL
848,625,D,"Mandado de Interceptação Telemática",A,2021-01-14,marcos,NULL,NULL
849,629,D,"Mandado de Notificação (Outros)",A,2021-01-14,marcos,NULL,NULL
850,629,D,"Mandado de Notificação em Improbidade Administrativa",A,2021-01-14,marcos,NULL,NULL
851,629,D,"Mandado de Notificação para Bloqueio",A,2021-01-14,marcos,NULL,NULL
852,630,D,"Mandado de Ordem de Desinternação",A,2021-01-14,marcos,NULL,NULL
853,630,D,"Mandado de Ordem de Liberação",A,2021-01-14,marcos,NULL,NULL
854,632,D,"Mandado de Penhora (Outros)",A,2021-01-14,marcos,NULL,NULL
855,632,D,"Mandado de Penhora de Créditos Bancários",A,2021-01-14,marcos,NULL,NULL
856,632,D,"Mandado de Penhora e Avaliação",A,2021-01-14,marcos,NULL,NULL
857,632,D,"Mandado de Penhora no Rosto dos Autos",A,2021-01-14,marcos,NULL,NULL
858,632,D,"Mandado de Reforço de Penhora e Avaliação",A,2021-01-14,marcos,NULL,NULL
859,633,D,"Mandado de Prisão Civil por Falta de Prestação Alimentícia",A,2021-01-14,marcos,NULL,NULL
860,633,D,"Mandado de Prisão Domiciliar",A,2021-01-14,marcos,NULL,NULL
861,633,D,"Mandado de Prisão em Razão de Conversão de Pena Restritiva",A,2021-01-14,marcos,NULL,NULL
862,633,D,"Mandado de Prisão em Razão de Execução Penal",A,2021-01-14,marcos,NULL,NULL
863,633,D,"Mandado de Prisão Preventiva",A,2021-01-14,marcos,NULL,NULL
864,633,D,"Mandado de Prisão Temporária",A,2021-01-14,marcos,NULL,NULL
865,636,D,"Mandado de Registro (Outros)",A,2021-01-14,marcos,NULL,NULL
866,636,D,"Mandado de Registro de Nascimento",A,2021-01-14,marcos,NULL,NULL
867,636,D,"Mandado de Registro de Óbito",A,2021-01-14,marcos,NULL,NULL
868,636,D,"Mandado de Registro de Penhora",A,2021-01-14,marcos,NULL,NULL
869,638,D,"Mandado de Remoção (Outros)",A,2021-01-14,marcos,NULL,NULL
870,638,D,"Mandado de Remoção, Ref.de Penhora e Avaliação",A,2021-01-14,marcos,NULL,NULL
871,640,D,"Mandado de Retificação Registros Públicos",A,2021-01-14,marcos,NULL,NULL
872,646,D,"Mandado de Vistoria de Imóvel",A,2021-01-14,marcos,NULL,NULL
873,646,D,"Mandado de Vistoria e Liberação de Bem",A,2021-01-14,marcos,NULL,NULL
874,678,D,"Termo de Aplicação de Advertência",A,2021-01-14,marcos,NULL,NULL
875,678,D,"Termo de Aplicação de Censura",A,2021-01-14,marcos,NULL,NULL
876,678,D,"Termo de Aplicação de Multa",A,2021-01-14,marcos,NULL,NULL
877,678,D,"Termo de Aplicação de Suspensão",A,2021-01-14,marcos,NULL,NULL
878,681,D,"Termo de Audiência (Outros)",A,2021-01-14,marcos,NULL,NULL
879,681,D,"Termo de Audiência de Custódia",A,2021-01-14,marcos,NULL,NULL
880,687,D,"Termo de Compensação de Débito Tributário (Outros)",A,2021-01-14,marcos,NULL,NULL
881,687,D,"Termo de Compensação de Débito Tributário com Precatório",A,2021-01-14,marcos,NULL,NULL
882,688,D,"Termo de Compromisso (Outros)",A,2021-01-14,marcos,NULL,NULL
883,688,D,"Termo de Compromisso de Fiel Depositário",A,2021-01-14,marcos,NULL,NULL
884,688,D,"Termo de Compromisso de Inventariante",A,2021-01-14,marcos,NULL,NULL
885,698,D,"Termo de Penhora (Outros)",A,2021-01-14,marcos,NULL,NULL
886,698,D,"Termo de Penhora nos Autos",A,2021-01-14,marcos,NULL,NULL
887,753,D,"Certidão de Consulta de Renajud Positiva",A,2021-01-14,marcos,NULL,NULL
888,753,D,"Certidão de Consulta de Renajud Negativa",A,2021-01-14,marcos,NULL,NULL
889,754,D,"Certidão de Consulta de SerasajudPositiva",A,2021-01-14,marcos,NULL,NULL
890,754,D,"Certidão de Consulta de Serasajud Negativa",A,2021-01-14,marcos,NULL,NULL
891,755,D,"Protocolo Sisbajud Positivo",A,2021-01-14,marcos,"2021-03-10 14:52:15",pedro.amorim
892,755,D,"Protocolo Sisbajud Negativo",A,2021-01-14,marcos,"2021-03-10 14:52:06",pedro.amorim
893,781,D,"Voto Desempate",A,2021-01-14,marcos,NULL,NULL
894,781,D,"Voto Mérito",A,2021-01-14,marcos,NULL,NULL
895,781,D,"Voto Preliminar",A,2021-01-14,marcos,NULL,NULL
896,781,D,"Voto Revisão",A,2021-01-14,marcos,NULL,NULL
897,781,D,"Voto Vencedor",A,2021-01-14,marcos,NULL,NULL
898,781,D,"Voto Vencido",A,2021-01-14,marcos,NULL,NULL
899,781,D,"Voto Vista",A,2021-01-14,marcos,NULL,NULL
900,781,D,"Voto Vogal",A,2021-01-14,marcos,NULL,NULL
901,789,D,"Conversão de Ação Monitória em Execução",A,2021-01-14,marcos,NULL,NULL
902,789,D,"Conversão de Prisão em Flagrante para Preventiva",A,2021-01-14,marcos,NULL,NULL
903,789,D,"Conversão de Prisão em Flagrante para Temporária",A,2021-01-14,marcos,NULL,NULL
904,794,D,"Concessão Liminar dos Efeitos da Tutela Antecipada",A,2021-01-14,marcos,NULL,NULL
905,794,D,"Concessão Liminar em Parte dos Efeitos da Tutela Antecipada",A,2021-01-14,marcos,NULL,NULL
906,794,D,"Denegação da Medida Liminar de Antecipação de Tutela",A,2021-01-14,marcos,NULL,NULL
907,604,D,"Mandado de Averbação e Cancelamento de Novo Registro",A,2021-01-14,marcos,NULL,NULL
908,604,D,"Mandado de Averbação de Sentença",A,2021-01-14,marcos,NULL,NULL
909,604,D,"Mandado de Averbação (Outros)",A,2021-01-14,marcos,NULL,NULL
910,908,D,"Mandado de Averbação de Sentença em Registro Civil",A,2021-01-14,marcos,NULL,NULL
911,908,D,"Mandado de Averbação de Sentença em Registro de Imóveis",A,2021-01-14,marcos,NULL,NULL
912,816,D,"Mandado de Busca e Apreensão de Criança e Adolescente por Autoridade Policial",A,2021-01-14,marcos,NULL,NULL
913,816,D,"Mandado de Busca e Apreensão de Criança e Adolescente por Oficial de Justiça",A,2021-01-14,marcos,NULL,NULL
914,843,D,"Mandado de Intimação para Audiência Admonitória",A,2021-01-14,marcos,NULL,NULL
915,843,D,"Mandado de Intimação para Audiência de Partes e Advogados",A,2021-01-14,marcos,NULL,NULL
916,843,D,"Mandado de Intimação de Audiência de Suposto Pai",A,2021-01-14,marcos,NULL,NULL
917,843,D,"Mandado de Intimação de Audiência de Terceiros",A,2021-01-14,marcos,NULL,NULL
919,843,D,"Mandado de Intimação de Audiência de Testemunhas",A,2021-01-14,marcos,NULL,NULL
920,843,D,"Mandado de Intimação de Audiência (Outros)",A,2021-01-14,marcos,NULL,NULL
921,843,D,"Mandado de Intimação para Audiência, Penhora e Avaliação",A,2021-01-14,marcos,NULL,NULL
922,840,D,"Mandado de Intimação e Penhora no Rosto dos Autos e de Cumprimento de Sentença",A,2021-01-14,marcos,NULL,NULL
923,840,D,"Mandado de Intimação e Penhora no Termo dos Autos e Cumprimento de Sentença",A,2021-01-14,marcos,NULL,NULL
924,840,D,"Mandado de Intimação e Penhora (Outros)",A,2021-01-14,marcos,NULL,NULL
925,841,D,"Mandado de Intimação, Reforço de Penhora e Avaliação",A,2021-01-14,marcos,NULL,NULL
926,841,D,"Mandado de Intimação e Reforço de Penhora (Outros)",A,2021-01-14,marcos,NULL,NULL
927,846,D,"Mandado de Intimação, Penhora, Avaliação e Remoção",A,2021-01-14,marcos,NULL,NULL
928,846,D,"Mandado de intimação, Penhora e Avaliação (Outros)",A,2021-01-14,marcos,NULL,NULL
929,847,D,"Mandado de Cancelamento de Interceptação Telefônica",A,2021-01-14,marcos,NULL,NULL
930,847,D,"Mandado de Determinação de interceptação Telefônica",A,2021-01-14,marcos,NULL,NULL
931,847,D,"Mandado de Prorrogação de Interceptação Telefônica",A,2021-01-14,marcos,NULL,NULL
932,848,D,"Mandado de Cancelamento de Interceptação Telemática",A,2021-01-14,marcos,NULL,NULL
933,848,D,"Mandado de Determinação de interceptação Telemática",A,2021-01-14,marcos,NULL,NULL
934,848,D,"Mandado de Prorrogação de Interceptação Telemática",A,2021-01-14,marcos,NULL,NULL
935,862,D,"Mandado de Prisão em Razão de Execução Penal Definitiva",A,2021-01-14,marcos,NULL,NULL
936,862,D,"Mandado de Prisão em Razão de Execução Provisória",A,2021-01-14,marcos,NULL,NULL
937,871,D,"Mandado de Retificação de Registro de Casamento",A,2021-01-14,marcos,NULL,NULL
938,871,D,"Mandado de Retificação de Registro de Nascimento",A,2021-01-14,marcos,NULL,NULL
939,871,D,"Mandado de Retificação de Registro de Óbito",A,2021-01-14,marcos,NULL,NULL
940,871,D,"Mandado de Retificação de Registro Público (Outros)",A,2021-01-14,marcos,NULL,NULL
941,536,D,Comunicação,A,2021-01-14,marcos,NULL,NULL
14242,542,D,"Juízo de Admissibilidade de Recurso Adesivo",A,2021-03-10,pedro.amorim,NULL,NULL
14243,542,D,Agravo,A,2021-03-10,pedro.amorim,NULL,NULL
14244,14243,D,"Juízo de Admissibilidade de Agravo de Instrumento",A,2021-03-10,pedro.amorim,NULL,NULL
14245,14243,D,"Juízo de Admissibilidade em Agravo em Pedido de Interpretação de Lei Federal",A,2021-03-10,pedro.amorim,NULL,NULL
14246,14243,D,"Juízo de Admissibilidade de Agravo em Recurso Especial",A,2021-03-10,pedro.amorim,NULL,NULL
14247,14243,D,"Juízo de Admissibilidade de Agravo em Recurso Extraordinário",A,2021-03-10,pedro.amorim,NULL,NULL
14248,14243,D,"Juízo de Admissibilidade de Agravo em Recurso Ordinário",A,2021-03-10,pedro.amorim,NULL,NULL
14249,14243,D,"Juízo de Admissibilidade de Agravo Inominado ou Legal",A,2021-03-10,pedro.amorim,NULL,NULL
14250,14243,D,"Juízo de Admissibilidade de Agravo Interno",A,2021-03-10,pedro.amorim,NULL,NULL
14251,14243,D,"Juízo de Admissibilidade de Agravo Regimental",A,2021-03-10,pedro.amorim,NULL,NULL
14252,14243,D,"Juízo de Admissibilidade de Agravo Retido",A,2021-03-10,pedro.amorim,NULL,NULL
14253,542,D,"Juízo de Admissibilidade de Apelação",A,2021-03-10,pedro.amorim,NULL,NULL
14254,542,D,"Juízo de Admissibilidade de Correição Parcial",A,2021-03-10,pedro.amorim,NULL,NULL
14255,542,D,Embargos,A,2021-03-10,pedro.amorim,NULL,NULL
14256,14255,D,"Juízo de Admissibilidade de Embargos de Declaração",A,2021-03-10,pedro.amorim,NULL,NULL
14257,14255,D,"Juízo de Admissibilidade de Embargos de Divergência",A,2021-03-10,pedro.amorim,NULL,NULL
14258,14255,D,"Juízo de Admissibilidade de Embargos em Ação Penal",A,2021-03-10,pedro.amorim,NULL,NULL
14259,14255,D,"Juízo de Admissibilidade de Embargos Infringentes",A,2021-03-10,pedro.amorim,NULL,NULL
14260,14255,D,"Juízo de Admissibilidade de Embargos Infringentes e de Nulidade",A,2021-03-10,pedro.amorim,NULL,NULL
14261,542,D,"Juízo de Admissibilidade de Recurso Administrativo",A,2021-03-10,pedro.amorim,NULL,NULL
14262,542,D,"Juízo de Admissibilidade de Recurso Criminal Eleitoral",A,2021-03-10,pedro.amorim,NULL,NULL
14263,542,D,"Juízo de Admissibilidade de Recurso de Revista",A,2021-03-10,pedro.amorim,NULL,NULL
14264,542,D,"Juízo de Admissibilidade de Recurso Eleitoral",A,2021-03-10,pedro.amorim,NULL,NULL
14265,542,D,"Juízo de Admissibilidade de Recurso em Direito de Resposta",A,2021-03-10,pedro.amorim,NULL,NULL
14266,542,D,"Juízo de Admissibilidade de Recurso em Reclamação",A,2021-03-10,pedro.amorim,NULL,NULL
14267,542,D,"Juízo de Admissibilidade de Recurso em Representação",A,2021-03-10,pedro.amorim,NULL,NULL
14268,542,D,"Juízo de Admissibilidade de Recurso em Sentido Estrito",A,2021-03-10,pedro.amorim,NULL,NULL
14269,542,D,"Juízo de Admissibilidade de Recurso Especial",A,2021-03-10,pedro.amorim,NULL,NULL
14270,542,D,"Juízo de Admissibilidade de Recurso Especial Eleitoral",A,2021-03-10,pedro.amorim,NULL,NULL
14271,542,D,"Juízo de Admissibilidade de Recurso Extraordinário",A,2021-03-10,pedro.amorim,NULL,NULL
14272,542,D,"Juízo de Admissibilidade de Recurso Inominado",A,2021-03-10,pedro.amorim,NULL,NULL
14273,542,D,"Juízo de Admissibilidade de Recurso Ordinário",A,2021-03-10,pedro.amorim,NULL,NULL
14274,11,D,"Acordo de Divórcio",A,2021-03-23,pedro.amorim,NULL,NULL
14275,11,D,"Acordo Resp. Parentais",A,2021-03-23,pedro.amorim,NULL,NULL
14276,3,D,Apostila,A,2021-03-23,pedro.amorim,NULL,NULL
14277,17,D,"Contraminuta de Agravo em Recurso Especial",A,2021-03-23,pedro.amorim,NULL,NULL
14278,17,D,"Contraminuta de Agravo em Recurso Extraordinário",A,2021-03-23,pedro.amorim,NULL,NULL
14279,17,D,"Contraminuta do Agravo em Recurso Ordinário",A,2021-03-23,pedro.amorim,NULL,NULL
14280,18,D,"Contrarrazões ao Recurso Especial",A,2021-03-23,pedro.amorim,NULL,NULL
14281,18,D,"Contrarrazões ao Recurso Extraordinário",A,2021-03-23,pedro.amorim,NULL,NULL
14282,18,D,"Contrarrazões ao Incidente de Uniformização Nacional",A,2021-03-23,pedro.amorim,NULL,NULL
14283,18,D,"Contrarrazões ao Incidente de Uniformização Regional",A,2021-03-23,pedro.amorim,NULL,NULL
14284,18,D,"Contrarrazões ao IUSTJ",A,2021-03-23,pedro.amorim,NULL,NULL
14285,18,D,"Contrarrazões ao Recurso Inominado",A,2021-03-23,pedro.amorim,NULL,NULL
14286,18,D,"Contrarrazões da Apelação",A,2021-03-23,pedro.amorim,"2021-03-23 14:38:10",pedro.amorim
14287,4,D,"Decisão Estrangeira",A,2021-03-23,pedro.amorim,NULL,NULL
14288,4,D,"Declaração de Anuência",A,2021-03-23,pedro.amorim,NULL,NULL
14289,4,D,Legislação,A,2021-03-23,pedro.amorim,NULL,NULL
14290,4,D,"Sentença Estrangeira",A,2021-03-23,pedro.amorim,NULL,NULL
14291,4,D,Tradução,A,2021-03-23,pedro.amorim,NULL,NULL
14292,536,D,"Acórdão da Apelação",A,2021-03-23,pedro.amorim,"2021-03-23 14:54:50",pedro.amorim
14293,536,D,"Acórdão da Turma Nacional",A,2021-03-23,pedro.amorim,NULL,NULL
14294,536,D,"Acórdão da Turma Recursa",A,2021-03-23,pedro.amorim,NULL,NULL
14295,536,D,"Acórdão da Turma Regional",A,2021-03-23,pedro.amorim,NULL,NULL
14296,536,D,"Acórdão de Admissibilidade do IRDR",A,2021-03-23,pedro.amorim,NULL,NULL
14297,536,D,"Acórdão do Agravo de Instrumento",A,2021-03-23,pedro.amorim,NULL,NULL
14298,536,D,"Acórdão do Agravo Regimental",A,2021-03-23,pedro.amorim,NULL,NULL
14299,536,D,"Acórdão dos Embargos de Declaração",A,2021-03-23,pedro.amorim,NULL,NULL
14300,536,D,"Acórdão dos Embargos de Declaração nos Embargos Infringentes",A,2021-03-23,pedro.amorim,NULL,NULL
14301,536,D,"Acórdão dos Embargos Infringentes",A,2021-03-23,pedro.amorim,NULL,NULL
14302,542,D,"Admissibilidade do Incidente de Uniformização",A,2021-03-23,pedro.amorim,NULL,NULL
14303,542,D,"Admissibilidade do Pedido de Uniformização",A,2021-03-23,pedro.amorim,NULL,NULL
14304,423,D,"Termo de Arquivamento",A,2021-03-23,pedro.amorim,NULL,NULL
14305,423,D,"Termo de Ciência",A,2021-03-23,pedro.amorim,NULL,NULL
14306,4,D,"Dados Bancários",A,2021-03-23,pedro.amorim,NULL,NULL
14307,11,D,"Acordo Extrajudicial",A,2021-03-23,pedro.amorim,NULL,NULL
14308,3,D,Arresto,A,2021-03-23,pedro.amorim,NULL,NULL
14309,3,D,"Apresentação de Quesitos/Indicação de Assistente Técnico",A,2021-03-23,pedro.amorim,NULL,NULL
14310,3,D,"Cessão de Crédito",A,2021-03-23,pedro.amorim,NULL,NULL
14311,3,D,"Representação - Ato Infracional",A,2021-03-23,pedro.amorim,NULL,NULL
14312,3,D,"Documentos Intermediários - DELPOL",A,2021-03-23,pedro.amorim,NULL,NULL
14313,24,D,"Exceção da Verdade",A,2021-03-23,pedro.amorim,NULL,NULL
14314,25,D,"Execução da Multa Penal",A,2021-03-23,pedro.amorim,NULL,NULL
14315,3,D,Exibição,A,2021-03-23,pedro.amorim,NULL,NULL
14316,26,D,"Impugnação ao Cumprimento de Decisão",A,2021-03-23,pedro.amorim,NULL,NULL
14317,28,D,"Incidente de Excesso ou Desvio",A,2021-03-23,pedro.amorim,NULL,NULL
14318,29,D,"Informações  - Agravo de Instrumento ",A,2021-03-23,pedro.amorim,NULL,NULL
14319,29,D,"Informações - Habeas Corpus",A,2021-03-23,pedro.amorim,NULL,NULL
14320,29,D,"Informações - Habeas Data",A,2021-03-23,pedro.amorim,NULL,NULL
14321,31,D,"Manifestação da Defensoria Pública",A,2021-03-23,pedro.amorim,NULL,NULL
14322,31,D,"Manifestação do Perito",A,2021-03-23,pedro.amorim,NULL,NULL
14323,36,D,"Pedido (Outros)",A,2021-03-23,pedro.amorim,NULL,NULL
14324,36,D,"Pedido de Aceite de Bens Oferecidos em Garantia",A,2021-03-23,pedro.amorim,NULL,NULL
14325,36,D,"Pedido de Adjudicação",A,2021-03-23,pedro.amorim,NULL,NULL
14326,36,D,"Pedido de Alvará de Soltura",A,2021-03-23,pedro.amorim,NULL,NULL
14327,36,D,"Pedido de Anistia",A,2021-03-23,pedro.amorim,NULL,NULL
14328,36,D,"Pedido de Citação por Edital",A,2021-03-23,pedro.amorim,NULL,NULL
14329,36,D,"Pedido de Comutação da Pena",A,2021-03-23,pedro.amorim,NULL,NULL
14330,36,D,"Pedido de Contramandado de Prisão",A,2021-03-23,pedro.amorim,NULL,NULL
14331,36,D,"Pedido de Concessão de Livramento Condicional",A,2021-03-23,pedro.amorim,NULL,NULL
14332,36,D,"Pedido de Conversão de Pena",A,2021-03-23,pedro.amorim,NULL,NULL
14333,36,D,"Pedido de Conversão de Pena - Superveniência de Doença Mental",A,2021-03-23,pedro.amorim,NULL,NULL
14334,36,D,"Pedido de Desbloqueio Penhora Online/Sisbajud",A,2021-03-23,pedro.amorim,NULL,NULL
14335,36,D,"Pedido de Desconsideração da Personalidade Jurídica",A,2021-03-23,pedro.amorim,NULL,NULL
14336,14335,D,"Pedido de Desconsideração Inversa da Personalidade Jurídica",A,2021-03-23,pedro.amorim,NULL,NULL
14337,36,D,"Pedido de Desentranhamento de Documentos",A,2021-03-23,pedro.amorim,NULL,NULL
14338,36,D,"Pedido de Designação/Redesignação de Audiência",A,2021-03-23,pedro.amorim,NULL,NULL
14339,36,D,"Pedido de Renúncia da Nomeação - Auxiliares da Justiça",A,2021-03-23,pedro.amorim,NULL,NULL
14340,36,D,"Pedido de Dilação de Prazo",A,2021-03-23,pedro.amorim,NULL,NULL
14341,36,D,"Pedido de Documentos - Auxiliares da Justiça",A,2021-03-23,pedro.amorim,NULL,NULL
14342,36,D,"Pedido de Expedição",A,2021-03-23,pedro.amorim,NULL,NULL
14343,14342,D,"Pedido de Expedição de Alvará",A,2021-03-23,pedro.amorim,NULL,NULL
14344,14342,D,"Pedido de Expedição de Carta Precatória",A,2021-03-23,pedro.amorim,NULL,NULL
14345,14342,D,"Pedido de Expedição de Guia de Levantamento",A,2021-03-23,pedro.amorim,NULL,NULL
14346,14342,D,"Pedido de Expedição de Ofício",A,2021-03-23,pedro.amorim,NULL,NULL
14347,36,D,"Pedido de Inclusão",A,2021-03-23,pedro.amorim,NULL,NULL
14348,14347,D,"Pedido de Inclusão de Espólio no Polo Passivo",A,2021-03-23,pedro.amorim,NULL,NULL
14349,14347,D,"Pedido de Inclusão de Responsável Tributário",A,2021-03-23,pedro.amorim,NULL,NULL
14350,14347,D,"Pedido de Inclusão, Exclusão ou Substituição do Polo Passivo",A,2021-03-23,pedro.amorim,NULL,NULL
14351,36,D,"Pedido de Indulto",A,2021-03-23,pedro.amorim,NULL,NULL
14352,36,D,"Pedido de Intimação de Administrador Judicial",A,2021-03-23,pedro.amorim,NULL,NULL
14353,36,D,"Pedido de Juntada de Comprovante de Recolhimento das Custas Finais ",A,2021-03-23,pedro.amorim,NULL,NULL
14354,36,D,"Pedido de Levantamento de Curatela",A,2021-03-23,pedro.amorim,NULL,NULL
14355,36,D,"Pedido de Penhora",A,2021-03-23,pedro.amorim,NULL,NULL
14356,14355,D,"Nomeação de Bens à Penhora ",A,2021-03-23,pedro.amorim,NULL,NULL
14357,36,D,"Pedido de Prisão Domiciliar",A,2021-03-23,pedro.amorim,NULL,NULL
14358,36,D,"Pedido de Progressão de Regime Aberto",A,2021-03-23,pedro.amorim,NULL,NULL
14359,36,D,"Pedido de Progressão de Regime Semiaberto ",A,2021-03-23,pedro.amorim,NULL,NULL
14360,36,D,"Pedido de Regressão de Regime",A,2021-03-23,pedro.amorim,NULL,NULL
14361,36,D,"Pedido de Regressão de Regime - Cautelar",A,2021-03-23,pedro.amorim,NULL,NULL
14362,36,D,"Pedido  de Remição",A,2021-03-23,pedro.amorim,NULL,NULL
14363,36,D,"Pedido de Retificação de Cálculo da Pena",A,2021-03-23,pedro.amorim,NULL,NULL
14364,36,D,"Pedido de Sobrestamento de Recurso Repetitivo",A,2021-03-23,pedro.amorim,NULL,NULL
14365,36,D,"Pedido de Vista dos Autos",A,2021-03-23,pedro.amorim,NULL,NULL
14366,37,D,"Endereço Sigiloso - Violência Doméstica",A,2021-03-23,pedro.amorim,NULL,NULL
14367,3,D,"Relatório Final Delpol",A,2021-03-23,pedro.amorim,NULL,NULL
14368,227,D,"Embargos (outros)",A,2021-03-23,pedro.amorim,NULL,NULL
14369,47,D,"Resposta aos Embargos à Adjudicação/Alienação/Arrematação",A,2021-03-23,pedro.amorim,NULL,NULL
14370,4,D,Ata,A,2021-03-23,pedro.amorim,NULL,NULL
14371,57,D,"Atestado de Conduta Carcerária",A,2021-03-23,pedro.amorim,NULL,NULL
14372,57,D,"Atestado de Pena",A,2021-03-23,pedro.amorim,NULL,NULL
14373,57,D,"Atestado de Remição",A,2021-03-23,pedro.amorim,NULL,NULL
14374,56,D,"Auto de Acareação",A,2021-03-23,pedro.amorim,NULL,NULL
14375,56,D,"Auto de Apreensão",A,2021-03-23,pedro.amorim,NULL,NULL
14376,56,D,"Auto de Apresentação",A,2021-03-23,pedro.amorim,NULL,NULL
14377,56,D,"Auto de Arrematação",A,2021-03-23,pedro.amorim,NULL,NULL
14378,56,D,"Auto de Avaliação",A,2021-03-23,pedro.amorim,NULL,NULL
14379,56,D,"Auto de Constatação",A,2021-03-23,pedro.amorim,NULL,NULL
14380,14379,D,"Auto de Constatação de Substância Entorpecente",A,2021-03-23,pedro.amorim,NULL,NULL
14381,14379,D,"Auto de Constatação e Imissão na Posse",A,2021-03-23,pedro.amorim,NULL,NULL
14382,56,D,"Auto de Infração",A,2021-03-23,pedro.amorim,NULL,NULL
14383,56,D,"Auto de Penhora",A,2021-03-23,pedro.amorim,NULL,NULL
14384,56,D,"Auto de Qualificação",A,2021-03-23,pedro.amorim,NULL,NULL
14385,56,D,"Auto de Recognição",A,2021-03-23,pedro.amorim,NULL,NULL
14386,4,D,"Boletim de Ocorrência",A,2021-03-23,pedro.amorim,NULL,NULL
14387,60,D,"Aviso de Recebimento (AR) - Negativo",A,2021-03-23,pedro.amorim,"2021-03-23 15:47:29",pedro.amorim
14388,60,D,"Aviso de Recebimento (AR) - Positivo",A,2021-03-23,pedro.amorim,NULL,NULL
14389,62,D,"Cálculo do Imposto ITCMD",A,2021-03-23,pedro.amorim,NULL,NULL
14390,62,D,"Cálculo Judicial",A,2021-03-23,pedro.amorim,NULL,NULL
14391,66,D,"Certidão Carcerária",A,2021-03-23,pedro.amorim,NULL,NULL
14392,66,D,"Certidão da Junta Comercial",A,2021-03-23,pedro.amorim,NULL,NULL
14393,66,D,"Certidão de Antecedentes Penais ",A,2021-03-23,pedro.amorim,NULL,NULL
14394,66,D,"Certidão de Casamento",A,2021-03-23,pedro.amorim,NULL,NULL
14395,66,D,"Certidão de Informações de Tributo Imobiliário - Imóvel",A,2021-03-23,pedro.amorim,NULL,NULL
14396,66,D,"Certidão de Nascimento",A,2021-03-23,pedro.amorim,NULL,NULL
14397,70,D,"Comprovante de Multa Paga",A,2021-03-23,pedro.amorim,NULL,NULL
14398,70,D,"Comprovante de Pagamento",A,2021-03-23,pedro.amorim,NULL,NULL
14399,73,D,"Contrato de Honorários Advocatícios",A,2021-03-23,pedro.amorim,NULL,NULL
14400,4,D,"Declaração de União Estável",A,2021-03-23,pedro.amorim,NULL,NULL
14401,83,D,"Agendamento de Vistoria - Prova Pericial - Art. 474 do CPC",A,2021-03-23,pedro.amorim,NULL,NULL
14402,83,D,"Prestação de Contas do Perito",A,2021-03-23,pedro.amorim,NULL,NULL
14403,4,D,"Documentos Diversos",A,2021-03-23,pedro.amorim,NULL,NULL
14404,4,D,Edital,A,2021-03-23,pedro.amorim,NULL,NULL
14405,4,D,"Exame de Confronto Grafotécnico",A,2021-03-23,pedro.amorim,NULL,NULL
14406,4,D,"Exame de Corpo de Delito",A,2021-03-23,pedro.amorim,NULL,NULL
14407,90,D,"Extrato (Outros)",A,2021-03-23,pedro.amorim,NULL,NULL
14408,91,D,"Ficha de Atendimento Médico",A,2021-03-23,pedro.amorim,NULL,NULL
14409,91,D,"Ficha do Réu/Prontuário",A,2021-03-23,pedro.amorim,NULL,NULL
14410,91,D,"Histórico Funcional",A,2021-03-23,pedro.amorim,NULL,NULL
14411,4,D,"Formal de Partilha",A,2021-03-23,pedro.amorim,NULL,NULL
14412,4,D,Formulários,A,2021-03-23,pedro.amorim,NULL,NULL
14413,94,D,"Guia de Acolhimento/Desacolhimento",A,2021-03-23,pedro.amorim,NULL,NULL
14414,94,D,"Guia de Execução",A,2021-03-23,pedro.amorim,NULL,NULL
14415,303,D,"Guia de Recolhimento Definitiva",A,2021-03-23,pedro.amorim,NULL,NULL
14416,303,D,"Guia de Recolhimento Provisória",A,2021-03-23,pedro.amorim,NULL,NULL
14417,4,D,"Informações sobre Antecedentes do Adolescente (Infracional)",A,2021-03-23,pedro.amorim,NULL,NULL
14418,313,D,"Laudo de Perícia - Sigiloso",A,2021-03-23,pedro.amorim,NULL,NULL
14419,313,D,"Laudo de Perícia - Não Sigiloso",A,2021-03-23,pedro.amorim,NULL,NULL
14420,100,D,"Laudo Médico",A,2021-03-23,pedro.amorim,NULL,NULL
14421,100,D,"Laudo Psicológico",A,2021-03-23,pedro.amorim,NULL,NULL
14422,100,D,"Laudo IC",A,2021-03-23,pedro.amorim,NULL,NULL
14423,100,D,"Laudo IML",A,2021-03-23,pedro.amorim,NULL,NULL
14424,100,D,"Laudo Pirenecroscópico",A,2021-03-23,pedro.amorim,NULL,NULL
14425,4,D,Levantamento,A,2021-03-23,pedro.amorim,NULL,NULL
14426,4,D,"Nota de Culpa",A,2021-03-23,pedro.amorim,NULL,NULL
14427,104,D,"Ofício Requisitório de RPV - Requisição de Pequeno Valor",A,2021-03-23,pedro.amorim,NULL,NULL
14428,4,D,"Perfil Profissiográfico Previdenciário",A,2021-03-23,pedro.amorim,NULL,NULL
14429,4,D,"Primeiras Declarações",A,2021-03-23,pedro.amorim,NULL,NULL
14430,115,D,"Recibo de Pagamento",A,2021-03-23,pedro.amorim,NULL,NULL
14431,118,D,"Relatório de Consulta à Comunidade Indígena",A,2021-03-23,pedro.amorim,NULL,NULL
14432,118,D,"Relatório de Comparecimento (Execução Penal)",A,2021-03-23,pedro.amorim,NULL,NULL
14433,118,D,"Relatório do Corpo Técnico",A,2021-03-23,pedro.amorim,NULL,NULL
14434,118,D,"Relatório Mensal de Prestação de Serviços à Comunidade",A,2021-03-23,pedro.amorim,NULL,NULL
14435,118,D,"Relatório de Investigações",A,2021-03-23,pedro.amorim,NULL,NULL
14436,118,D,"Relatório Final",A,2021-03-23,pedro.amorim,NULL,NULL
14437,4,D,"Rol de Testemunhas",A,2021-03-23,pedro.amorim,NULL,NULL
14438,61,D,"Bloqueio/Penhora On Line Positivo",A,2021-03-23,pedro.amorim,"2021-03-23 16:23:20",pedro.amorim
14439,61,D,"Bloqueio/Penhora On Line Negativo",A,2021-03-23,pedro.amorim,NULL,NULL
14440,61,D,"Transferência - Bloqueio/Penhora On Line",A,2021-03-23,pedro.amorim,NULL,NULL
14441,4,D,"Termo de Acordo",A,2021-03-23,pedro.amorim,NULL,NULL
14442,6,D,Acórdão,A,2021-03-23,pedro.amorim,NULL,NULL
14443,398,D,"Alvará - Traslado dos Restos Mortais",A,2021-03-23,pedro.amorim,NULL,NULL
14444,433,D,"Alvará de Soltura - Prisão Preventiva",A,2021-03-23,pedro.amorim,NULL,NULL
14445,433,D,"Alvará de Soltura - Flagrante - Audiência de Custódia - Relaxamento de Prisão",A,2021-03-23,pedro.amorim,NULL,NULL
14446,433,D,"Alvará de Soltura - Audiência de Custódia - Com Fiança",A,2021-03-23,pedro.amorim,NULL,NULL
14447,433,D,"Alvará de Soltura - Relaxamento de Prisão",A,2021-03-23,pedro.amorim,NULL,NULL
14448,433,D,"Alvará de Soltura - Sem Fiança",A,2021-03-23,pedro.amorim,NULL,NULL
14449,433,D,"Alvará de Soltura - Com Fiança",A,2021-03-23,pedro.amorim,NULL,NULL
14450,433,D,"Alvará de Soltura - Audiência de Custódia - Com Termo",A,2021-03-23,pedro.amorim,NULL,NULL
14451,400,D,"Auto de Entrega de Objeto Apreendido ",A,2021-03-23,pedro.amorim,NULL,NULL
14452,400,D,"Auto de Hasta Negativa",A,2021-03-23,pedro.amorim,NULL,NULL
14453,400,D,"Auto de Hasta Única",A,2021-03-23,pedro.amorim,NULL,NULL
14454,401,D,"Carta - Cientificação",A,2021-03-23,pedro.amorim,NULL,NULL
14455,402,D,"Certidão de Desarquivamento",A,2021-03-23,pedro.amorim,NULL,NULL
14456,402,D,"Certidão - Ausência de Réplica",A,2021-03-23,pedro.amorim,NULL,NULL
14457,402,D,"certidão - Ausência de Pagamento",A,2021-03-23,pedro.amorim,NULL,NULL
14458,402,D,"Certidão - Ausência de Manifestação do Exequente",A,2021-03-23,pedro.amorim,NULL,NULL
14459,402,D,"Certidão - Ausência de Manifestação sobre a Penhora On Line",A,2021-03-23,pedro.amorim,NULL,NULL
14460,402,D,"Certidão - Ausência de Manifestação sobre Depósito - Busca e Apreensão",A,2021-03-23,pedro.amorim,NULL,NULL
14461,402,D,"Certidão - Ausência de Contraminuta",A,2021-03-23,pedro.amorim,NULL,NULL
14462,402,D,"Certidão - Ausência de Contrarrazões",A,2021-03-23,pedro.amorim,NULL,NULL
14463,402,D,"Certidão de Consulta de Infojud",A,2021-03-23,pedro.amorim,NULL,NULL
14464,14463,D,"Certidão de Consulta de Infojud - Positiva",A,2021-03-23,pedro.amorim,NULL,NULL
14465,14463,D,"Certidão de Consulta de Infojud - Negativa",A,2021-03-23,pedro.amorim,NULL,NULL
14466,404,D,"Decisão de Tribunal Superior",A,2021-03-23,pedro.amorim,NULL,NULL
14467,415,D,"Mandado de Levantamento",A,2021-03-23,pedro.amorim,NULL,NULL
14468,420,D,"Portaria - Instauração de Incidente de Insanidade Mental",A,2021-03-23,pedro.amorim,NULL,NULL
14469,681,D,"Termo de Audiência - Com Acordo",A,2021-03-23,pedro.amorim,NULL,NULL
14470,681,D,"Termo de Audiência - Sem Acordo",A,2021-03-23,pedro.amorim,NULL,NULL
14471,4,D,Anexo,A,2021-03-23,pedro.amorim,NULL,NULL
14472,4,D,"Anotação de Responsabilidade Técnica - ART",A,2021-03-23,pedro.amorim,NULL,NULL
14473,4,D,Apostila,A,2021-03-23,pedro.amorim,NULL,NULL
14474,4,D,Certificado,A,2021-03-23,pedro.amorim,NULL,NULL
14475,4,D,Contrafé,A,2021-03-23,pedro.amorim,NULL,NULL
14476,4,D,Convênio,A,2021-03-23,pedro.amorim,NULL,NULL
14477,4,D,DANFE,A,2021-03-23,pedro.amorim,NULL,NULL
14478,4,D,DARF,A,2021-03-23,pedro.amorim,NULL,NULL
14479,4,D,Desenho,A,2021-03-23,pedro.amorim,NULL,NULL
14480,4,D,Diploma,A,2021-03-23,pedro.amorim,NULL,NULL
14481,4,D,"Documento Pessoal",A,2021-03-23,pedro.amorim,NULL,NULL
14482,4,D,Estatuto,A,2021-03-23,pedro.amorim,NULL,NULL
14483,4,D,"Execução de Despesa",A,2021-03-23,pedro.amorim,NULL,NULL
14484,4,D,Fatura,A,2021-03-23,pedro.amorim,NULL,NULL
14485,4,D,Fluxograma/Organograma,A,2021-03-23,pedro.amorim,NULL,NULL
14486,4,D,"Folha de Pagamento",A,2021-03-23,pedro.amorim,NULL,NULL
14487,4,D,GRU,A,2021-03-23,pedro.amorim,NULL,NULL
14488,4,D,"Informações (Outros)",A,2021-03-23,pedro.amorim,NULL,NULL
14489,4,D,Inventário,A,2021-03-23,pedro.amorim,NULL,NULL
14490,4,D,Licença,A,2021-03-23,pedro.amorim,NULL,NULL
14491,4,D,Lista,A,2021-03-23,pedro.amorim,NULL,NULL
14492,4,D,Manual,A,2021-03-23,pedro.amorim,NULL,NULL
14493,4,D,Memorando,A,2021-03-23,pedro.amorim,NULL,NULL
14494,4,D,Mídia,A,2021-03-23,pedro.amorim,NULL,NULL
14495,4,D,Monografia,A,2021-03-23,pedro.amorim,NULL,NULL
14496,4,D,"Nota Fiscal",A,2021-03-23,pedro.amorim,NULL,NULL
14497,4,D,Pesquisa,A,2021-03-23,pedro.amorim,NULL,NULL
14498,4,D,"Ordem Bancária",A,2021-03-23,pedro.amorim,NULL,NULL
14499,4,D,"Ordem (Outros)",A,2021-03-23,pedro.amorim,NULL,NULL
14500,4,D,"Nota (Outros)",A,2021-03-23,pedro.amorim,"2021-03-23 17:19:52",pedro.amorim
14501,4,D,"Planilha (outros)",A,2021-03-23,pedro.amorim,NULL,NULL
14502,4,D,Plano,A,2021-03-23,pedro.amorim,NULL,NULL
14503,4,D,Pregão,A,2021-03-23,pedro.amorim,NULL,NULL
14504,4,D,"Prestação de Contas",A,2021-03-23,pedro.amorim,NULL,NULL
14505,4,D,"Processo Administrativo",A,2021-03-23,pedro.amorim,NULL,NULL
14506,4,D,Projeto,A,2021-03-23,pedro.amorim,NULL,NULL
14507,4,D,Prontuário,A,2021-03-23,pedro.amorim,NULL,NULL
14508,4,D,"Protocolo (outros)",A,2021-03-23,pedro.amorim,NULL,NULL
14509,4,D,Reclamação,A,2021-03-23,pedro.amorim,NULL,NULL
14510,4,D,Recomendação,A,2021-03-23,pedro.amorim,NULL,NULL
14511,4,D,"Regimento Interno",A,2021-03-23,pedro.amorim,NULL,NULL
14512,4,D,Regulamento,A,2021-03-23,pedro.amorim,NULL,NULL
14513,4,D,"Requerimento (Outros)",A,2021-03-23,pedro.amorim,NULL,NULL
14514,4,D,Resolução,A,2021-03-23,pedro.amorim,NULL,NULL
14515,185,D,"Pedido de Desistência da Execução",A,2021-03-23,pedro.amorim,NULL,NULL
14516,50,D,"Renúncia ao direito sobre o qual se funda a ação",A,2021-03-23,pedro.amorim,NULL,NULL
14517,3,D,"Certidão Dirigentes Partidários - SGIP",A,2021-03-23,pedro.amorim,NULL,NULL
14518,3,D,Diligência,A,2021-03-23,pedro.amorim,NULL,NULL
14519,3,D,"Documento de Comprovação",A,2021-03-23,pedro.amorim,NULL,NULL
14520,3,D,Expediente,A,2021-03-23,pedro.amorim,NULL,NULL
14521,3,D,"Outras Comprovações",A,2021-03-23,pedro.amorim,NULL,NULL
14522,25,D,"Termo de Abertura de Liquidação",A,2021-03-23,pedro.amorim,NULL,NULL
14523,25,D,"Termo de Abertura de Execução",A,2021-03-23,pedro.amorim,NULL,NULL
14575,2,D,"Ato Ordinatório",A,2021-03-23,pedro.amorim,NULL,NULL
14576,2,D,Memorando,A,2021-03-23,pedro.amorim,NULL,NULL
14577,2,D,"Movimento Processual",A,2021-03-23,pedro.amorim,NULL,NULL
14578,2,D,"Protocolo de Distribuição",A,2021-03-23,pedro.amorim,NULL,NULL
14579,2,D,Resolução,A,2021-03-23,pedro.amorim,NULL,NULL
14580,402,D,"Certidão de Expedição de Documento",A,2021-03-23,pedro.amorim,NULL,NULL
14581,402,D,"Certidão de Inadimplência",A,2021-03-23,pedro.amorim,NULL,NULL
14582,402,D,"Certidão 2ª  Remessa",A,2021-03-23,pedro.amorim,NULL,NULL
14583,781,D,"Voto Escrito",A,2021-03-23,pedro.amorim,NULL,NULL
14584,781,D,"Voto Relator",A,2021-03-23,pedro.amorim,NULL,NULL
14585,781,D,"Voto Retificador",A,2021-03-23,pedro.amorim,NULL,NULL
14586,404,D,"Decisão Agravada",A,2021-03-23,pedro.amorim,NULL,NULL
14587,409,D,"Despacho de Ofício",A,2021-03-23,pedro.amorim,NULL,NULL
14588,409,D,"Despacho Revisor",A,2021-03-23,pedro.amorim,NULL,NULL
14589,411,D,"Guia de Recolhimento da União - GRU",A,2021-03-23,pedro.amorim,NULL,NULL
14590,412,D,"Espelho da Base",A,2021-03-23,pedro.amorim,NULL,NULL
14591,412,D,"Espelho de Eleitor",A,2021-03-23,pedro.amorim,NULL,NULL
14592,412,D,"Informação - Corregedoria",A,2021-03-23,pedro.amorim,NULL,NULL
14593,412,D,"Informação Processual",A,2021-03-23,pedro.amorim,NULL,NULL
14594,415,D,"Devolução de Mandado",A,2021-03-23,pedro.amorim,NULL,NULL
14595,415,D,"Recebimento de Mandado",A,2021-03-23,pedro.amorim,NULL,NULL
14596,417,D,"Devolução de Ofício",A,2021-03-23,pedro.amorim,NULL,NULL
14597,417,D,"Recebimento de Ofício",A,2021-03-23,pedro.amorim,NULL,NULL
14598,419,D,"Certidão de Publicação de Pauta",A,2021-03-23,pedro.amorim,NULL,NULL
14599,419,D,"Intimação de Pauta",A,2021-03-23,pedro.amorim,NULL,NULL
14600,422,D,"Relatório SISGRU",A,2021-03-23,pedro.amorim,NULL,NULL
14601,3,D,"Prestação de Contas",A,2021-03-24,pedro.amorim,NULL,NULL
14602,14601,D,"Agentes Responsáveis",A,2021-03-24,pedro.amorim,NULL,NULL
14603,14601,D,"Aplicação de Recursos",A,2021-03-24,pedro.amorim,NULL,NULL
14604,14601,D,"Aplicação Financeira",A,2021-03-24,pedro.amorim,NULL,NULL
14605,14601,D,"Apresentação das Contas Finais Intempestiva",A,2021-03-24,pedro.amorim,NULL,NULL
14606,14601,D,"Assunção Dívida",A,2021-03-24,pedro.amorim,NULL,NULL
14607,14601,D,"Ativo Permanente",A,2021-03-24,pedro.amorim,NULL,NULL
14608,14601,D,"Avulso Outro ",A,2021-03-24,pedro.amorim,NULL,NULL
14609,14601,D,"Avulso SPCA",A,2021-03-24,pedro.amorim,NULL,NULL
14610,14601,D,"Avulso SPCE",A,2021-03-24,pedro.amorim,NULL,NULL
14611,14601,D,"Bens e Direitos Estimáveis de Exercícios Anteriores",A,2021-03-24,pedro.amorim,NULL,NULL
14612,14601,D,Comercialização,A,2021-03-24,pedro.amorim,NULL,NULL
14613,14601,D,"Conciliação Bancária",A,2021-03-24,pedro.amorim,NULL,NULL
14614,14601,D,"Configurador de Ativos Não Circulantes",A,2021-03-24,pedro.amorim,NULL,NULL
14615,14601,D,"Configurador de Direitos Realizáveis",A,2021-03-24,pedro.amorim,NULL,NULL
14616,14601,D,"Configurador de Outros Itens Não Monetários de Exercícios Anteriores",A,2021-03-24,pedro.amorim,NULL,NULL
14617,14601,D,"Conta Bancária",A,2021-03-24,pedro.amorim,NULL,NULL
14618,14601,D,"Declaração Apresentação das Contas Finais",A,2021-03-24,pedro.amorim,NULL,NULL
14619,14601,D,"Declaração Apresentação das Contas Retificadoras",A,2021-03-24,pedro.amorim,NULL,NULL
14620,14601,D,"Declaração de Ausência de Movimentação",A,2021-03-24,pedro.amorim,NULL,NULL
14621,14601,D,"Declaração de Juntada dos Demonstrativos",A,2021-03-24,pedro.amorim,NULL,NULL
14622,14601,D,"Declaração de Juntada dos Documentos Comprobatórios",A,2021-03-24,pedro.amorim,NULL,NULL
14623,14601,D,"Declaração de Reabertura da PC",A,2021-03-24,pedro.amorim,NULL,NULL
14624,14601,D,Despesa,A,2021-03-24,pedro.amorim,NULL,NULL
14625,14601,D,"Devolução Receita",A,2021-03-24,pedro.amorim,NULL,NULL
14626,14601,D,"Direitos Realizáveis",A,2021-03-24,pedro.amorim,NULL,NULL
14627,14601,D,"Doação Estimável a Partidos e Candidatos",A,2021-03-24,pedro.amorim,NULL,NULL
14628,14601,D,"Doação de Exercícios Anteriores a Partidos e Candidatos",A,2021-03-24,pedro.amorim,NULL,NULL
14629,14601,D,"Doação Estimável de Itens Não Monetários de Exercícios Anteriores",A,2021-03-24,pedro.amorim,NULL,NULL
14630,14601,D,"Doação Estimável de Itens Oriundos de Despesa",A,2021-03-24,pedro.amorim,NULL,NULL
14631,14601,D,"Doação Financeira a Partidos e Candidatos",A,2021-03-24,pedro.amorim,NULL,NULL
14632,14601,D,"Erros de Validação de Partes e Advogado",A,2021-03-24,pedro.amorim,NULL,NULL
14633,14601,D,"Extrato da Prestação de Contas",A,2021-03-24,pedro.amorim,NULL,NULL
14634,14601,D,"Notas Explicativas",A,2021-03-24,pedro.amorim,NULL,NULL
14635,14601,D,"Origem de Recursos",A,2021-03-24,pedro.amorim,NULL,NULL
14636,14601,D,"Petição de Encerramento de Reabertura",A,2021-03-24,pedro.amorim,NULL,NULL
14637,14601,D,Receita,A,2021-03-24,pedro.amorim,NULL,NULL
14638,14601,D,"Relatório de Pendências",A,2021-03-24,pedro.amorim,NULL,NULL
14639,14601,D,Representante,A,2021-03-24,pedro.amorim,NULL,NULL
14640,14601,D,"Sobras Campanha",A,2021-03-24,pedro.amorim,NULL,NULL
14641,14601,D,"Transferência entre Conta Bancária",A,2021-03-24,pedro.amorim,NULL,NULL
14642,3,D,"Registro de Candidatura",A,2021-03-24,pedro.amorim,NULL,NULL
14643,14642,D,"Atas de Convenção",A,2021-03-24,pedro.amorim,NULL,NULL
14644,14642,D,"Certidão Criminal da Justiça Estadual de 1º Grau",A,2021-03-24,pedro.amorim,NULL,NULL
14645,14642,D,"Certidão Criminal da Justiça Estadual de 2º Grau",A,2021-03-24,pedro.amorim,NULL,NULL
14646,14642,D,"Certidão Criminal da Justiça Federal de 1º Grau",A,2021-03-24,pedro.amorim,NULL,NULL
14647,14642,D,"Certidão Criminal da Justiça Federal de 2º Grau",A,2021-03-24,pedro.amorim,NULL,NULL
14648,14642,D,"Certidão Criminal de Foro por Prerrogativa de Função",A,2021-03-24,pedro.amorim,NULL,NULL
14649,14642,D,"Declaração de Bens",A,2021-03-24,pedro.amorim,NULL,NULL
14650,2,D,Telegrama,A,2021-03-30,pedro.amorim,NULL,NULL
14651,4,D,Telegrama,A,2021-03-30,pedro.amorim,NULL,NULL
14652,2,D,"Notas Taquigráficas",A,2021-03-30,pedro.amorim,NULL,NULL
